Fecha,SKU_ID,CEDI,Ventas_Unidades,Stock_Actual,Lead_Time_Dias,Promocion_Activa,Precio_Combustible_MXN,Clima,Costo_Quiebre_Stock_Diario,Costo_Transferencia_Unidad,ventas_log,ventas_lag_1,ventas_lag_7,ventas_media_7d,ventas_std_7d,dias_cobertura,promo_x_ventas,leadtime_x_ventas,clima_encoded,target_demanda_7d
2024-03-08,HZ-Atun-Agua-140g,CEDI_Bajio,101,1362,5,1,23.8,Lluvia,8000,11.61,4.624972813284271,106.0,103.0,98.28571428571429,7.674943772091226,13.352941176470589,101,505,0.0,651.0
2024-03-09,HZ-Atun-Agua-140g,CEDI_Bajio,83,243,5,1,23.82,Lluvia,8000,9.52,4.430816798843313,101.0,92.0,98.0,7.505553499465135,2.892857142857143,83,415,0.0,673.0
2024-03-10,HZ-Atun-Agua-140g,CEDI_Bajio,84,1425,5,0,23.45,Despejado,8000,10.47,4.442651256490317,83.0,84.0,96.71428571428571,9.268482179125225,16.764705882352942,0,420,0.0,686.0
2024-03-11,HZ-Atun-Agua-140g,CEDI_Bajio,85,603,5,1,23.13,Despejado,8000,11.37,4.454347296253507,84.0,103.0,96.71428571428571,9.268482179125225,7.011627906976744,85,425,0.0,714.0
2024-03-12,HZ-Atun-Agua-140g,CEDI_Bajio,105,1763,5,0,23.44,Despejado,8000,11.49,4.663439094112067,85.0,100.0,94.14285714285714,9.719886340703292,16.632075471698112,0,525,0.0,715.0
2024-03-13,HZ-Atun-Agua-140g,CEDI_Bajio,85,1103,5,1,24.14,Despejado,8000,11.17,4.454347296253507,105.0,100.0,94.85714285714286,10.383136511166738,12.825581395348838,85,425,0.0,720.0
2024-03-14,HZ-Atun-Agua-140g,CEDI_Bajio,104,70,5,0,22.94,Despejado,8000,11.07,4.653960350157523,85.0,106.0,92.71428571428571,10.688222267435084,0.6666666666666666,0,520,0.0,722.0
2024-03-15,HZ-Atun-Agua-140g,CEDI_Bajio,105,985,5,0,23.04,Despejado,8000,11.0,4.663439094112067,104.0,101.0,92.42857142857143,10.293317295817749,9.29245283018868,0,525,0.0,714.0
2024-03-16,HZ-Atun-Agua-140g,CEDI_Bajio,105,651,5,1,23.26,Despejado,8000,10.65,4.663439094112067,105.0,83.0,93.0,10.939226054281288,6.1415094339622645,105,525,0.0,712.0
2024-03-17,HZ-Atun-Agua-140g,CEDI_Bajio,97,706,5,0,24.33,Despejado,8000,12.06,4.584967478670572,105.0,84.0,96.14285714285714,10.74598485371119,7.204081632653061,0,485,0.0,707.0
2024-03-18,HZ-Atun-Agua-140g,CEDI_Bajio,113,1923,5,1,23.93,Despejado,8000,10.36,4.736198448394496,97.0,85.0,98.0,9.327379053088805,16.86842105263158,113,565,0.0,710.0
2024-03-19,HZ-Atun-Agua-140g,CEDI_Bajio,106,1955,5,0,23.08,Despejado,8000,12.59,4.672828834461906,113.0,105.0,102.0,8.812869377601505,18.27102803738318,0,530,0.0,695.0
2024-03-20,HZ-Atun-Agua-140g,CEDI_Bajio,90,1452,5,1,22.81,Lluvia,8000,10.04,4.51085950651685,106.0,85.0,102.14285714285714,8.87747282786737,15.956043956043956,90,450,0.0,714.0
2024-03-21,HZ-Atun-Agua-140g,CEDI_Bajio,106,1356,5,0,23.91,Despejado,8000,12.04,4.672828834461906,90.0,104.0,102.85714285714286,7.335497516155499,12.672897196261681,0,530,0.0,695.0
2024-03-22,HZ-Atun-Agua-140g,CEDI_Bajio,97,506,5,0,23.01,Despejado,8000,11.03,4.584967478670572,106.0,105.0,103.14285714285714,7.425823667638279,5.163265306122449,0,485,0.0,697.0
2024-03-23,HZ-Atun-Agua-140g,CEDI_Bajio,103,783,5,1,22.81,Despejado,8000,10.53,4.6443908991413725,97.0,105.0,102.0,7.702813338860877,7.528846153846154,103,515,0.0,698.0
2024-03-24,HZ-Atun-Agua-140g,CEDI_Bajio,92,1820,5,0,23.81,Despejado,8000,9.7,4.532599493153256,103.0,97.0,101.71428571428571,7.609517849690717,19.56989247311828,0,460,0.0,701.0
2024-03-25,HZ-Atun-Agua-140g,CEDI_Bajio,116,528,5,0,22.79,Lluvia,8000,11.31,4.762173934797756,92.0,113.0,101.0,8.326663997864516,4.512820512820513,0,580,0.0,686.0
2024-03-26,HZ-Atun-Agua-140g,CEDI_Bajio,91,1906,5,0,23.82,Lluvia,8000,10.81,4.5217885770490405,116.0,106.0,101.42857142857143,9.089502055615993,20.717391304347824,0,455,0.0,695.0
2024-03-27,HZ-Atun-Agua-140g,CEDI_Bajio,109,288,5,0,22.63,Tormenta,8000,11.99,4.700480365792417,91.0,90.0,99.28571428571429,9.586697132211997,2.618181818181818,0,545,3.0,684.0
2024-03-28,HZ-Atun-Agua-140g,CEDI_Bajio,87,363,5,0,23.72,Despejado,8000,9.77,4.477336814478207,109.0,106.0,102.0,9.201449161228158,4.125,0,435,0.0,698.0
2024-03-29,HZ-Atun-Agua-140g,CEDI_Bajio,99,430,5,0,23.3,Despejado,8000,11.23,4.605170185988092,87.0,97.0,99.28571428571429,10.53113298295875,4.3,0,495,0.0,699.0
2024-03-30,HZ-Atun-Agua-140g,CEDI_Bajio,104,160,5,0,23.98,Despejado,8000,12.33,4.653960350157523,99.0,103.0,99.57142857142857,10.485818086939174,1.5238095238095237,0,520,0.0,679.0
2024-03-31,HZ-Atun-Agua-140g,CEDI_Bajio,95,1039,5,0,23.26,Lluvia,8000,10.13,4.564348191467836,104.0,92.0,99.71428571428571,10.54694719992923,10.822916666666666,0,475,0.0,677.0
2024-04-01,HZ-Atun-Agua-140g,CEDI_Bajio,101,1518,5,0,23.76,Despejado,8000,10.02,4.624972813284271,95.0,116.0,100.14285714285714,10.23765226062712,14.882352941176471,0,505,0.0,681.0
2024-04-02,HZ-Atun-Agua-140g,CEDI_Bajio,100,1793,5,0,24.1,Despejado,8000,9.02,4.61512051684126,101.0,91.0,98.0,7.5938571665963295,17.752475247524753,0,500,0.0,680.0
2024-04-03,HZ-Atun-Agua-140g,CEDI_Bajio,98,1629,5,0,23.33,Lluvia,8000,9.73,4.59511985013459,100.0,109.0,99.28571428571429,6.945365018348207,16.454545454545453,0,490,0.0,695.0
2024-04-04,HZ-Atun-Agua-140g,CEDI_Bajio,101,1021,5,0,23.73,Despejado,8000,10.69,4.624972813284271,98.0,87.0,97.71428571428571,5.468524655221158,10.009803921568627,0,505,0.0,678.0
2024-04-05,HZ-Atun-Agua-140g,CEDI_Bajio,100,502,5,0,23.11,Lluvia,8000,9.22,4.61512051684126,101.0,99.0,99.71428571428571,2.8115408417381453,4.97029702970297,0,500,0.0,665.0
2024-04-06,HZ-Atun-Agua-140g,CEDI_Bajio,84,759,5,0,24.3,Lluvia,8000,9.6,4.442651256490317,100.0,104.0,99.85714285714286,2.7945525240230396,8.929411764705883,0,420,0.0,682.0
2024-04-07,HZ-Atun-Agua-140g,CEDI_Bajio,93,134,5,0,23.47,Despejado,8000,10.73,4.543294782270004,84.0,95.0,97.0,6.110100926607766,1.425531914893617,0,465,0.0,675.0
2024-04-08,HZ-Atun-Agua-140g,CEDI_Bajio,105,1688,5,0,23.71,Despejado,8000,7.73,4.663439094112067,93.0,101.0,96.71428571428571,6.264031867582969,15.924528301886792,0,525,0.0,663.0
2024-04-09,HZ-Atun-Agua-140g,CEDI_Bajio,99,471,5,0,23.9,Despejado,8000,11.97,4.605170185988092,105.0,100.0,97.28571428571429,6.872997543873776,4.71,0,495,0.0,680.0
2024-04-10,HZ-Atun-Agua-140g,CEDI_Bajio,113,109,5,0,23.0,Despejado,8000,10.37,4.736198448394496,99.0,98.0,97.14285714285714,6.817344825970753,0.956140350877193,0,565,0.0,676.0
2024-04-11,HZ-Atun-Agua-140g,CEDI_Bajio,84,1943,5,0,23.59,Despejado,8000,10.89,4.442651256490317,113.0,101.0,99.28571428571429,9.105205209371263,22.858823529411765,0,420,0.0,680.0
2024-04-12,HZ-Atun-Agua-140g,CEDI_Bajio,87,167,5,0,23.01,Despejado,8000,9.67,4.477336814478207,84.0,100.0,96.85714285714286,10.699354675689097,1.8977272727272727,0,435,0.0,700.0
2024-04-13,HZ-Atun-Agua-140g,CEDI_Bajio,101,1860,5,0,22.92,Tormenta,8000,8.77,4.624972813284271,87.0,84.0,95.0,11.180339887498937,18.235294117647058,0,505,3.0,713.0
2024-04-14,HZ-Atun-Agua-140g,CEDI_Bajio,86,1319,5,0,23.32,Despejado,8000,10.32,4.465908118654584,101.0,93.0,97.42857142857143,10.195704043977571,15.160919540229886,0,430,0.0,717.0
2024-04-15,HZ-Atun-Agua-140g,CEDI_Bajio,93,1670,5,1,22.97,Despejado,8000,10.93,4.543294782270004,86.0,105.0,96.42857142857143,11.012979355547433,17.76595744680851,93,465,0.0,712.0
2024-04-16,HZ-Atun-Agua-140g,CEDI_Bajio,116,1120,5,0,23.41,Lluvia,8000,10.7,4.762173934797756,93.0,99.0,94.71428571428571,10.3716646962495,9.572649572649572,0,580,0.0,718.0
2024-04-17,HZ-Atun-Agua-140g,CEDI_Bajio,109,1256,5,0,22.8,Tormenta,8000,9.9,4.700480365792417,116.0,113.0,97.14285714285714,13.158375931050792,11.418181818181818,0,545,3.0,719.0
2024-04-18,HZ-Atun-Agua-140g,CEDI_Bajio,88,252,5,0,23.72,Despejado,8000,10.55,4.48863636973214,109.0,84.0,96.57142857142857,12.421180068162363,2.831460674157303,0,440,0.0,736.0
2024-04-19,HZ-Atun-Agua-140g,CEDI_Bajio,107,1722,5,0,24.05,Despejado,8000,11.94,4.68213122712422,88.0,87.0,97.14285714285714,11.824107738409841,15.944444444444445,0,535,0.0,724.0
2024-04-20,HZ-Atun-Agua-140g,CEDI_Bajio,114,249,5,0,23.63,Lluvia,8000,9.6,4.74493212836325,107.0,101.0,100.0,11.372481406154641,2.1652173913043478,0,570,0.0,705.0
2024-04-21,HZ-Atun-Agua-140g,CEDI_Bajio,90,144,5,0,23.32,Despejado,8000,10.61,4.51085950651685,114.0,86.0,101.85714285714286,12.562226069034244,1.5824175824175823,0,450,0.0,721.0
2024-04-22,HZ-Atun-Agua-140g,CEDI_Bajio,88,1898,5,0,23.14,Despejado,8000,10.16,4.48863636973214,90.0,93.0,102.42857142857143,11.78780645210892,21.325842696629213,0,440,0.0,727.0
2024-03-08,HZ-Atun-Agua-140g,CEDI_Norte,110,1334,3,0,23.02,Despejado,8000,9.65,4.709530201312334,91.0,86.0,94.85714285714286,7.081162132224988,12.018018018018019,0,330,0.0,679.0
2024-03-09,HZ-Atun-Agua-140g,CEDI_Norte,82,1439,3,1,23.95,Lluvia,8000,11.77,4.418840607796598,110.0,102.0,98.28571428571429,7.846746368491116,17.337349397590362,82,246,0.0,699.0
2024-03-10,HZ-Atun-Agua-140g,CEDI_Norte,86,331,3,0,23.43,Tormenta,8000,9.47,4.465908118654584,82.0,98.0,95.42857142857143,9.692903638868021,3.8045977011494254,0,258,3.0,709.0
2024-03-11,HZ-Atun-Agua-140g,CEDI_Norte,98,1634,3,0,23.32,Despejado,8000,10.95,4.59511985013459,86.0,102.0,93.71428571428571,10.209705932988237,16.505050505050505,0,294,0.0,720.0
2024-03-12,HZ-Atun-Agua-140g,CEDI_Norte,88,1540,3,0,23.46,Lluvia,8000,9.02,4.48863636973214,98.0,86.0,93.14285714285714,9.771191865693275,17.303370786516854,0,264,0.0,714.0
2024-03-13,HZ-Atun-Agua-140g,CEDI_Norte,99,1433,3,0,24.06,Despejado,8000,9.7,4.605170185988092,88.0,99.0,93.42857142857143,9.554355775546265,14.33,0,297,0.0,714.0
2024-03-14,HZ-Atun-Agua-140g,CEDI_Norte,116,1921,3,0,24.08,Despejado,8000,10.26,4.762173934797756,99.0,91.0,93.42857142857143,9.554355775546265,16.418803418803417,0,348,0.0,688.0
2024-03-15,HZ-Atun-Agua-140g,CEDI_Norte,110,1871,3,0,23.92,Despejado,8000,11.05,4.709530201312334,116.0,110.0,97.0,12.662279942148382,16.855855855855857,0,330,0.0,674.0
2024-03-16,HZ-Atun-Agua-140g,CEDI_Norte,102,1436,3,0,23.91,Despejado,8000,9.92,4.634728988229636,110.0,82.0,97.0,12.662279942148382,13.941747572815533,0,306,0.0,675.0
2024-03-17,HZ-Atun-Agua-140g,CEDI_Norte,96,1182,3,0,23.42,Despejado,8000,10.03,4.574710978503383,102.0,86.0,99.85714285714286,10.838643387259784,12.185567010309278,0,288,0.0,688.0
2024-03-18,HZ-Atun-Agua-140g,CEDI_Norte,109,1704,3,0,23.02,Despejado,8000,11.44,4.700480365792417,96.0,98.0,101.28571428571429,9.2504826128926,15.49090909090909,0,327,0.0,700.0
2024-03-19,HZ-Atun-Agua-140g,CEDI_Norte,82,1644,3,0,23.92,Lluvia,8000,10.75,4.418840607796598,109.0,88.0,102.85714285714286,9.52940311926846,19.80722891566265,0,246,0.0,727.0
2024-03-20,HZ-Atun-Agua-140g,CEDI_Norte,99,677,3,0,23.85,Despejado,8000,7.94,4.605170185988092,82.0,99.0,102.0,11.210114480533477,6.77,0,297,0.0,737.0
2024-03-21,HZ-Atun-Agua-140g,CEDI_Norte,90,1804,3,0,23.59,Despejado,8000,9.8,4.51085950651685,99.0,116.0,102.0,11.210114480533477,19.824175824175825,0,270,0.0,742.0
2024-03-22,HZ-Atun-Agua-140g,CEDI_Norte,96,101,3,1,23.25,Lluvia,8000,11.07,4.574710978503383,90.0,110.0,98.28571428571429,10.045136231269426,1.041237113402062,96,288,0.0,740.0
2024-03-23,HZ-Atun-Agua-140g,CEDI_Norte,103,632,3,0,22.93,Despejado,8000,8.89,4.6443908991413725,96.0,102.0,96.28571428571429,8.61615315776682,6.076923076923077,0,309,0.0,738.0
2024-03-24,HZ-Atun-Agua-140g,CEDI_Norte,109,1116,3,0,24.45,Tormenta,8000,10.04,4.700480365792417,103.0,96.0,96.42857142857143,8.734169352933009,10.145454545454545,0,327,3.0,718.0
2024-03-25,HZ-Atun-Agua-140g,CEDI_Norte,121,364,3,0,23.47,Despejado,8000,11.39,4.804021044733257,109.0,109.0,98.28571428571429,9.928314487939454,2.9836065573770494,0,363,0.0,690.0
2024-03-26,HZ-Atun-Agua-140g,CEDI_Norte,109,868,3,0,23.02,Despejado,8000,10.58,4.700480365792417,121.0,82.0,100.0,12.727922061357852,7.890909090909091,0,327,0.0,687.0
2024-03-27,HZ-Atun-Agua-140g,CEDI_Norte,109,1321,3,0,23.69,Despejado,8000,10.75,4.700480365792417,109.0,99.0,103.85714285714286,10.20504077124913,12.00909090909091,0,327,0.0,693.0
2024-03-28,HZ-Atun-Agua-140g,CEDI_Norte,95,1395,3,0,24.1,Lluvia,8000,10.98,4.564348191467836,109.0,90.0,105.28571428571429,10.111285538352437,14.53125,0,285,0.0,702.0
2024-03-29,HZ-Atun-Agua-140g,CEDI_Norte,94,362,3,0,23.41,Despejado,8000,10.01,4.553876891600541,95.0,96.0,106.0,8.962886439832495,3.8105263157894735,0,282,0.0,696.0
2024-03-30,HZ-Atun-Agua-140g,CEDI_Norte,101,315,3,1,23.26,Despejado,8000,11.32,4.624972813284271,94.0,103.0,105.71428571428571,9.357960705807034,3.088235294117647,101,303,0.0,684.0
2024-03-31,HZ-Atun-Agua-140g,CEDI_Norte,89,805,3,0,22.71,Lluvia,8000,11.98,4.499809670330265,101.0,109.0,105.42857142857143,9.4843229042658,8.944444444444445,0,267,0.0,701.0
2024-04-01,HZ-Atun-Agua-140g,CEDI_Norte,93,608,3,1,23.46,Despejado,8000,10.63,4.543294782270004,89.0,121.0,102.57142857142857,11.10341002961317,6.468085106382978,93,279,0.0,713.0
2024-04-02,HZ-Atun-Agua-140g,CEDI_Norte,106,174,3,0,23.74,Despejado,8000,11.52,4.672828834461906,93.0,109.0,98.57142857142857,7.9552318813290785,1.6261682242990654,0,318,0.0,715.0
2024-04-03,HZ-Atun-Agua-140g,CEDI_Norte,115,830,3,0,24.07,Despejado,8000,11.74,4.7535901911063645,106.0,109.0,98.14285714285714,7.3581830055291135,7.155172413793103,0,345,0.0,708.0
2024-04-04,HZ-Atun-Agua-140g,CEDI_Norte,104,1348,3,0,23.13,Despejado,8000,9.97,4.653960350157523,115.0,95.0,99.0,9.000000000000016,12.838095238095239,0,312,0.0,683.0
2024-04-05,HZ-Atun-Agua-140g,CEDI_Norte,88,200,3,1,22.57,Despejado,8000,10.61,4.48863636973214,104.0,94.0,100.28571428571429,8.97615889851716,2.247191011235955,88,264,0.0,702.0
2024-04-06,HZ-Atun-Agua-140g,CEDI_Norte,89,865,3,0,22.71,Despejado,8000,9.28,4.499809670330265,88.0,101.0,99.42857142857143,9.913915184512854,9.61111111111111,0,267,0.0,720.0
2024-04-07,HZ-Atun-Agua-140g,CEDI_Norte,106,70,3,0,23.64,Lluvia,8000,9.89,4.672828834461906,89.0,89.0,97.71428571428571,10.609968358644098,0.6542056074766355,0,318,0.0,715.0
2024-04-08,HZ-Atun-Agua-140g,CEDI_Norte,105,1406,3,0,23.21,Despejado,8000,9.56,4.663439094112067,106.0,93.0,100.14285714285714,10.22135952191247,13.264150943396226,0,315,0.0,707.0
2024-04-09,HZ-Atun-Agua-140g,CEDI_Norte,108,1874,3,0,23.06,Lluvia,8000,11.27,4.6913478822291435,105.0,106.0,101.85714285714286,9.822229404579732,17.192660550458715,0,324,0.0,698.0
2024-04-10,HZ-Atun-Agua-140g,CEDI_Norte,108,261,3,0,23.42,Lluvia,8000,9.67,4.6913478822291435,108.0,115.0,102.14285714285714,9.990471651004473,2.3944954128440368,0,324,0.0,690.0
2024-04-11,HZ-Atun-Agua-140g,CEDI_Norte,79,1938,3,0,23.08,Despejado,8000,9.09,4.382026634673881,108.0,104.0,101.14285714285714,8.764104278791075,24.225,0,237,0.0,711.0
2024-04-12,HZ-Atun-Agua-140g,CEDI_Norte,107,902,3,0,24.07,Despejado,8000,11.52,4.68213122712422,79.0,88.0,97.57142857142857,11.928357568656073,8.351851851851851,0,321,0.0,701.0
2024-04-13,HZ-Atun-Agua-140g,CEDI_Norte,107,1285,3,0,23.94,Tormenta,8000,9.38,4.68213122712422,107.0,89.0,100.28571428571429,11.542880716619033,11.898148148148149,0,321,3.0,692.0
2024-04-14,HZ-Atun-Agua-140g,CEDI_Norte,101,497,3,0,22.99,Despejado,8000,10.56,4.624972813284271,107.0,106.0,102.85714285714286,10.574002260711124,4.872549019607843,0,303,0.0,696.0
2024-04-15,HZ-Atun-Agua-140g,CEDI_Norte,97,967,3,0,22.89,Tormenta,8000,10.82,4.584967478670572,101.0,105.0,102.14285714285714,10.494896719018122,9.86734693877551,0,291,3.0,694.0
2024-04-16,HZ-Atun-Agua-140g,CEDI_Norte,99,1343,3,0,22.77,Despejado,8000,10.08,4.605170185988092,97.0,108.0,101.0,10.567244989431584,13.43,0,297,0.0,679.0
2024-04-17,HZ-Atun-Agua-140g,CEDI_Norte,100,355,3,1,24.23,Despejado,8000,9.76,4.61512051684126,99.0,108.0,99.71428571428571,10.11128553835246,3.514851485148515,100,300,0.0,681.0
2024-04-18,HZ-Atun-Agua-140g,CEDI_Norte,100,920,3,1,23.07,Despejado,8000,9.76,4.61512051684126,100.0,79.0,98.57142857142857,9.449111825230705,9.108910891089108,100,300,0.0,670.0
2024-04-19,HZ-Atun-Agua-140g,CEDI_Norte,97,432,3,0,24.26,Lluvia,8000,11.54,4.584967478670572,100.0,107.0,101.57142857142857,3.909694909544036,4.408163265306122,0,291,0.0,686.0
2024-04-20,HZ-Atun-Agua-140g,CEDI_Norte,98,116,3,1,23.05,Despejado,8000,11.02,4.59511985013459,97.0,107.0,100.14285714285714,3.387652649872892,1.1717171717171717,98,294,0.0,687.0
2024-04-21,HZ-Atun-Agua-140g,CEDI_Norte,105,1679,3,0,23.58,Lluvia,8000,9.44,4.663439094112067,98.0,101.0,98.85714285714286,1.5735915849390207,15.839622641509434,0,315,0.0,679.0
2024-04-22,HZ-Atun-Agua-140g,CEDI_Norte,95,516,3,0,23.3,Tormenta,8000,12.08,4.564348191467836,105.0,97.0,99.42857142857143,2.760262237369486,5.375,0,285,3.0,688.0
2024-03-08,HZ-Atun-Agua-140g,CEDI_Occidente,112,273,5,0,23.58,Despejado,8000,11.36,4.727387818712341,106.0,100.0,97.85714285714286,4.845223470201398,2.415929203539823,0,560,0.0,684.0
2024-03-09,HZ-Atun-Agua-140g,CEDI_Occidente,102,1938,5,0,23.38,Despejado,8000,9.82,4.634728988229636,112.0,100.0,99.57142857142857,7.25389878748302,18.815533980582526,0,510,0.0,675.0
2024-03-10,HZ-Atun-Agua-140g,CEDI_Occidente,92,968,5,0,24.05,Despejado,8000,9.46,4.532599493153256,102.0,96.0,99.85714285714286,7.312741652498773,10.408602150537634,0,460,0.0,692.0
2024-03-11,HZ-Atun-Agua-140g,CEDI_Occidente,93,1731,5,0,24.34,Despejado,8000,9.95,4.543294782270004,92.0,94.0,99.28571428571429,7.804150299985381,18.414893617021278,0,465,0.0,710.0
2024-03-12,HZ-Atun-Agua-140g,CEDI_Occidente,80,1688,5,0,23.13,Despejado,8000,9.8,4.394449154672439,93.0,98.0,99.14285714285714,7.925245977856071,20.839506172839506,0,400,0.0,723.0
2024-03-13,HZ-Atun-Agua-140g,CEDI_Occidente,100,510,5,0,23.9,Despejado,8000,11.35,4.61512051684126,80.0,91.0,96.57142857142857,10.768118728560761,5.0495049504950495,0,500,0.0,720.0
2024-03-14,HZ-Atun-Agua-140g,CEDI_Occidente,115,1833,5,0,24.08,Lluvia,8000,10.12,4.7535901911063645,100.0,106.0,97.85714285714286,10.52661027157004,15.801724137931034,0,575,0.0,699.0
2024-03-15,HZ-Atun-Agua-140g,CEDI_Occidente,102,669,5,0,23.52,Despejado,8000,10.64,4.634728988229636,115.0,112.0,99.14285714285714,12.1164980010531,6.495145631067961,0,510,0.0,697.0
2024-03-16,HZ-Atun-Agua-140g,CEDI_Occidente,93,1693,5,0,23.67,Despejado,8000,11.27,4.543294782270004,102.0,102.0,97.71428571428571,10.873734190152677,18.01063829787234,0,465,0.0,692.0
2024-03-17,HZ-Atun-Agua-140g,CEDI_Occidente,109,1923,5,0,24.48,Despejado,8000,11.63,4.700480365792417,93.0,92.0,96.42857142857143,10.814452411120088,17.48181818181818,0,545,0.0,679.0
2024-03-18,HZ-Atun-Agua-140g,CEDI_Occidente,111,374,5,1,23.42,Despejado,8000,10.65,4.718498871295094,109.0,93.0,98.85714285714286,11.538754575033526,3.3392857142857144,111,555,0.0,664.0
2024-03-19,HZ-Atun-Agua-140g,CEDI_Occidente,93,613,5,0,23.65,Despejado,8000,12.25,4.543294782270004,111.0,80.0,101.42857142857143,12.011898862615938,6.5212765957446805,0,465,0.0,680.0
2024-03-20,HZ-Atun-Agua-140g,CEDI_Occidente,97,1899,5,0,24.1,Lluvia,8000,9.52,4.584967478670572,93.0,100.0,103.28571428571429,8.693182879212207,19.377551020408163,0,485,0.0,675.0
2024-03-21,HZ-Atun-Agua-140g,CEDI_Occidente,94,1181,5,0,23.56,Despejado,8000,9.62,4.553876891600541,97.0,115.0,102.85714285714286,8.952254305081867,12.43157894736842,0,470,0.0,709.0
2024-03-22,HZ-Atun-Agua-140g,CEDI_Occidente,100,679,5,0,23.34,Despejado,8000,11.3,4.61512051684126,94.0,102.0,99.85714285714286,7.6251463686185685,6.7227722772277225,0,500,0.0,712.0
2024-03-23,HZ-Atun-Agua-140g,CEDI_Occidente,88,1342,5,0,24.18,Despejado,8000,8.74,4.48863636973214,100.0,93.0,99.57142857142857,7.568732673685476,15.07865168539326,0,440,0.0,730.0
2024-03-24,HZ-Atun-Agua-140g,CEDI_Occidente,96,1081,5,0,23.58,Despejado,8000,10.39,4.574710978503383,88.0,109.0,98.85714285714286,8.474050024015888,11.144329896907216,0,480,0.0,739.0
2024-03-25,HZ-Atun-Agua-140g,CEDI_Occidente,96,1411,5,0,23.57,Despejado,8000,8.37,4.574710978503383,96.0,111.0,97.0,7.211102550927978,14.54639175257732,0,480,0.0,743.0
2024-03-26,HZ-Atun-Agua-140g,CEDI_Occidente,109,723,5,0,23.56,Despejado,8000,10.2,4.700480365792417,96.0,93.0,94.85714285714286,3.760699023168071,6.572727272727272,0,545,0.0,757.0
2024-03-27,HZ-Atun-Agua-140g,CEDI_Occidente,92,893,5,0,23.42,Lluvia,8000,10.47,4.532599493153256,109.0,97.0,97.14285714285714,6.3882332306768355,9.602150537634408,0,460,0.0,766.0
2024-03-28,HZ-Atun-Agua-140g,CEDI_Occidente,128,573,5,0,23.86,Lluvia,8000,8.39,4.859812404361672,92.0,94.0,96.42857142857143,6.679749068568944,4.441860465116279,0,640,0.0,733.0
2024-03-29,HZ-Atun-Agua-140g,CEDI_Occidente,103,555,5,0,23.7,Despejado,8000,10.63,4.6443908991413725,128.0,100.0,101.28571428571429,13.499559075691877,5.336538461538462,0,515,0.0,720.0
2024-03-30,HZ-Atun-Agua-140g,CEDI_Occidente,106,1098,5,0,23.99,Despejado,8000,8.39,4.672828834461906,103.0,88.0,101.71428571428571,13.499559075691876,10.261682242990654,0,530,0.0,715.0
2024-03-31,HZ-Atun-Agua-140g,CEDI_Occidente,105,987,5,0,23.3,Despejado,8000,10.18,4.663439094112067,106.0,96.0,104.28571428571429,12.092894411103352,9.31132075471698,0,525,0.0,706.0
2024-04-01,HZ-Atun-Agua-140g,CEDI_Occidente,100,441,5,0,22.19,Lluvia,8000,9.1,4.61512051684126,105.0,96.0,105.57142857142857,11.530497862294597,4.366336633663367,0,500,0.0,713.0
2024-04-02,HZ-Atun-Agua-140g,CEDI_Occidente,123,1024,5,0,23.52,Lluvia,8000,12.38,4.820281565605037,100.0,109.0,106.14285714285714,11.066896153673339,8.258064516129032,0,615,0.0,697.0
2024-04-03,HZ-Atun-Agua-140g,CEDI_Occidente,101,1772,5,1,24.45,Lluvia,8000,10.43,4.624972813284271,123.0,92.0,108.14285714285714,12.79880946844365,17.372549019607842,101,505,0.0,702.0
2024-04-04,HZ-Atun-Agua-140g,CEDI_Occidente,95,940,5,0,23.68,Lluvia,8000,10.72,4.564348191467836,101.0,128.0,109.42857142857143,11.267314717907718,9.791666666666666,0,475,0.0,698.0
2024-04-05,HZ-Atun-Agua-140g,CEDI_Occidente,90,1190,5,0,23.41,Tormenta,8000,10.99,4.51085950651685,95.0,103.0,104.71428571428571,8.845230083954544,13.076923076923077,0,450,3.0,686.0
2024-04-06,HZ-Atun-Agua-140g,CEDI_Occidente,101,66,5,0,24.08,Despejado,8000,11.47,4.624972813284271,90.0,106.0,102.85714285714286,10.479003951212311,0.6470588235294118,0,505,0.0,692.0
2024-04-07,HZ-Atun-Agua-140g,CEDI_Occidente,96,541,5,0,23.63,Despejado,8000,10.74,4.574710978503383,101.0,105.0,102.14285714285714,10.399175791516203,5.577319587628866,0,480,0.0,701.0
2024-04-08,HZ-Atun-Agua-140g,CEDI_Occidente,107,1429,5,0,24.17,Despejado,8000,9.24,4.68213122712422,96.0,100.0,100.85714285714286,10.54243127285432,13.231481481481481,0,535,0.0,683.0
2024-04-09,HZ-Atun-Agua-140g,CEDI_Occidente,107,1692,5,0,22.78,Despejado,8000,10.44,4.68213122712422,107.0,123.0,101.85714285714286,10.776959550024145,15.666666666666666,0,535,0.0,657.0
2024-04-10,HZ-Atun-Agua-140g,CEDI_Occidente,106,1398,5,0,23.84,Despejado,8000,10.88,4.672828834461906,107.0,101.0,99.57142857142857,6.320789582985713,13.065420560747663,0,530,0.0,650.0
2024-04-11,HZ-Atun-Agua-140g,CEDI_Occidente,91,1229,5,0,23.14,Despejado,8000,10.26,4.5217885770490405,106.0,95.0,100.28571428571429,6.775305299745656,13.358695652173912,0,455,0.0,667.0
2024-04-12,HZ-Atun-Agua-140g,CEDI_Occidente,78,1084,5,0,23.23,Despejado,8000,8.9,4.3694478524670215,91.0,90.0,99.71428571428571,7.432233529572048,13.721518987341772,0,390,0.0,679.0
2024-04-13,HZ-Atun-Agua-140g,CEDI_Occidente,107,316,5,0,23.52,Despejado,8000,11.31,4.68213122712422,78.0,101.0,98.0,10.708252269472672,2.925925925925926,0,535,0.0,683.0
2024-04-14,HZ-Atun-Agua-140g,CEDI_Occidente,105,922,5,0,23.52,Lluvia,8000,8.17,4.663439094112067,107.0,96.0,98.85714285714286,11.216484467493533,8.69811320754717,0,525,0.0,668.0
2024-04-15,HZ-Atun-Agua-140g,CEDI_Occidente,89,218,5,0,23.96,Despejado,8000,13.23,4.499809670330265,105.0,107.0,100.14285714285714,11.34942834725712,2.422222222222222,0,445,0.0,697.0
2024-04-16,HZ-Atun-Agua-140g,CEDI_Occidente,81,1349,5,0,23.07,Despejado,8000,9.96,4.406719247264253,89.0,107.0,97.57142857142857,11.573779890441193,16.451219512195124,0,405,0.0,704.0
2024-04-17,HZ-Atun-Agua-140g,CEDI_Occidente,99,1459,5,0,23.52,Despejado,8000,11.19,4.605170185988092,81.0,106.0,93.85714285714286,12.198750911856683,14.59,0,495,0.0,706.0
2024-04-18,HZ-Atun-Agua-140g,CEDI_Occidente,108,792,5,0,23.23,Despejado,8000,9.74,4.6913478822291435,99.0,91.0,92.85714285714286,11.29053543797596,7.26605504587156,0,540,0.0,696.0
2024-04-19,HZ-Atun-Agua-140g,CEDI_Occidente,90,553,5,0,22.93,Despejado,8000,12.1,4.51085950651685,108.0,78.0,95.28571428571429,12.579272444704246,6.076923076923077,0,450,0.0,701.0
2024-04-20,HZ-Atun-Agua-140g,CEDI_Occidente,111,1270,5,0,23.86,Despejado,8000,9.42,4.718498871295094,90.0,107.0,97.0,10.472185381603348,11.339285714285714,0,555,0.0,691.0
2024-04-21,HZ-Atun-Agua-140g,CEDI_Occidente,90,307,5,0,24.15,Lluvia,8000,10.79,4.51085950651685,111.0,105.0,97.57142857142857,11.193110125685104,3.3736263736263736,0,450,0.0,692.0
2024-04-22,HZ-Atun-Agua-140g,CEDI_Occidente,118,818,5,0,23.83,Despejado,8000,10.66,4.77912349311153,90.0,89.0,95.42857142857143,10.967484410096722,6.873949579831932,0,590,0.0,667.0
2024-03-08,HZ-Atun-Agua-140g,CEDI_Sur,106,963,5,0,23.85,Despejado,8000,9.44,4.672828834461906,88.0,106.0,103.85714285714286,13.96935421352244,9.0,0,530,0.0,688.0
2024-03-09,HZ-Atun-Agua-140g,CEDI_Sur,107,1626,5,0,24.7,Lluvia,8000,10.48,4.68213122712422,106.0,118.0,103.85714285714286,13.96935421352244,15.055555555555555,0,535,0.0,691.0
2024-03-10,HZ-Atun-Agua-140g,CEDI_Sur,94,1279,5,0,23.26,Despejado,8000,8.04,4.553876891600541,107.0,95.0,102.28571428571429,12.671678206592393,13.463157894736842,0,470,0.0,692.0
2024-03-11,HZ-Atun-Agua-140g,CEDI_Sur,103,699,5,0,23.23,Despejado,8000,10.66,4.6443908991413725,94.0,124.0,102.14285714285714,12.772738827004064,6.721153846153846,0,515,0.0,674.0
2024-03-12,HZ-Atun-Agua-140g,CEDI_Sur,103,1032,5,0,23.19,Despejado,8000,10.2,4.6443908991413725,103.0,107.0,99.14285714285714,8.552359741197579,9.923076923076923,0,515,0.0,665.0
2024-03-13,HZ-Atun-Agua-140g,CEDI_Sur,101,819,5,0,23.91,Despejado,8000,11.08,4.624972813284271,103.0,89.0,98.57142857142857,8.059303999253343,8.029411764705882,0,505,0.0,658.0
2024-03-14,HZ-Atun-Agua-140g,CEDI_Sur,88,1692,5,0,22.29,Despejado,8000,11.38,4.48863636973214,101.0,88.0,100.28571428571429,6.8729975438737965,19.01123595505618,0,440,0.0,677.0
2024-03-15,HZ-Atun-Agua-140g,CEDI_Sur,92,90,5,0,23.72,Despejado,8000,9.29,4.532599493153256,88.0,106.0,100.28571428571429,6.8729975438737965,0.967741935483871,0,460,0.0,694.0
2024-03-16,HZ-Atun-Agua-140g,CEDI_Sur,110,1644,5,0,23.49,Lluvia,8000,11.58,4.709530201312334,92.0,107.0,98.28571428571429,6.969320524371693,14.81081081081081,0,550,0.0,676.0
2024-03-17,HZ-Atun-Agua-140g,CEDI_Sur,95,1353,5,1,23.66,Despejado,8000,10.14,4.564348191467836,110.0,94.0,98.71428571428571,7.653197277702211,14.09375,95,475,0.0,695.0
2024-03-18,HZ-Atun-Agua-140g,CEDI_Sur,85,1934,5,0,23.98,Despejado,8000,9.47,4.454347296253507,95.0,103.0,98.85714285714286,7.559289460184543,22.488372093023255,0,425,0.0,718.0
2024-03-19,HZ-Atun-Agua-140g,CEDI_Sur,94,510,5,0,22.85,Despejado,8000,12.08,4.553876891600541,85.0,103.0,96.28571428571429,8.864052604279182,5.368421052631579,0,470,0.0,726.0
2024-03-20,HZ-Atun-Agua-140g,CEDI_Sur,94,1588,5,1,24.05,Despejado,8000,9.59,4.553876891600541,94.0,101.0,95.0,8.366600265340756,16.71578947368421,94,470,0.0,729.0
2024-03-21,HZ-Atun-Agua-140g,CEDI_Sur,107,1865,5,0,23.54,Despejado,8000,10.9,4.68213122712422,94.0,88.0,94.0,7.937253933193773,17.26851851851852,0,535,0.0,721.0
2024-03-22,HZ-Atun-Agua-140g,CEDI_Sur,109,1250,5,0,23.39,Despejado,8000,9.65,4.700480365792417,107.0,92.0,96.71428571428571,8.750510189207747,11.363636363636363,0,545,0.0,701.0
2024-03-23,HZ-Atun-Agua-140g,CEDI_Sur,92,1862,5,0,23.6,Despejado,8000,11.44,4.532599493153256,109.0,110.0,99.14285714285714,9.546876826630644,20.021505376344088,0,460,0.0,698.0
2024-03-24,HZ-Atun-Agua-140g,CEDI_Sur,114,994,5,0,23.58,Despejado,8000,11.27,4.74493212836325,92.0,95.0,96.57142857142857,8.502100580780864,8.643478260869566,0,570,0.0,678.0
2024-03-25,HZ-Atun-Agua-140g,CEDI_Sur,108,1075,5,0,24.44,Tormenta,8000,10.62,4.6913478822291435,114.0,85.0,99.28571428571429,10.672617387724623,9.862385321100918,0,540,3.0,662.0
2024-03-26,HZ-Atun-Agua-140g,CEDI_Sur,102,1518,5,0,24.18,Despejado,8000,10.14,4.634728988229636,108.0,94.0,102.57142857142857,8.941609528064904,14.737864077669903,0,510,0.0,665.0
2024-03-27,HZ-Atun-Agua-140g,CEDI_Sur,97,1098,5,0,22.93,Despejado,8000,10.84,4.584967478670572,102.0,94.0,103.71428571428571,8.138678961483574,11.204081632653061,0,485,0.0,666.0
2024-03-28,HZ-Atun-Agua-140g,CEDI_Sur,99,1508,5,0,23.23,Despejado,8000,9.63,4.605170185988092,97.0,107.0,104.14285714285714,7.603257447273763,15.08,0,495,0.0,665.0
2024-03-29,HZ-Atun-Agua-140g,CEDI_Sur,89,322,5,0,23.43,Tormenta,8000,11.56,4.499809670330265,99.0,109.0,103.0,7.702813338860902,3.577777777777778,0,445,3.0,688.0
2024-03-30,HZ-Atun-Agua-140g,CEDI_Sur,89,1739,5,0,23.04,Despejado,8000,11.0,4.499809670330265,89.0,92.0,100.14285714285714,8.745066636463697,19.322222222222223,0,445,0.0,699.0
2024-03-31,HZ-Atun-Agua-140g,CEDI_Sur,94,1282,5,0,24.65,Despejado,8000,9.02,4.553876891600541,89.0,114.0,99.71428571428571,9.268482179125225,13.494736842105263,0,470,0.0,705.0
2024-04-01,HZ-Atun-Agua-140g,CEDI_Sur,92,1422,5,0,24.01,Despejado,8000,10.34,4.532599493153256,94.0,108.0,96.85714285714286,6.914443130833002,15.290322580645162,0,460,0.0,701.0
2024-04-02,HZ-Atun-Agua-140g,CEDI_Sur,105,1131,5,0,22.87,Despejado,8000,8.71,4.663439094112067,92.0,102.0,94.57142857142857,4.995235825502212,10.669811320754716,0,525,0.0,699.0
2024-04-03,HZ-Atun-Agua-140g,CEDI_Sur,98,795,5,1,23.88,Lluvia,8000,9.31,4.59511985013459,105.0,97.0,95.0,5.802298395176389,8.030303030303031,98,490,0.0,713.0
2024-04-04,HZ-Atun-Agua-140g,CEDI_Sur,98,1603,5,1,23.96,Despejado,8000,12.7,4.59511985013459,98.0,99.0,95.14285714285714,5.8716429111612625,16.19191919191919,98,490,0.0,729.0
2024-04-05,HZ-Atun-Agua-140g,CEDI_Sur,112,1475,5,0,24.41,Tormenta,8000,10.61,4.727387818712341,98.0,89.0,95.0,5.773502691896242,13.053097345132743,0,560,3.0,699.0
2024-04-06,HZ-Atun-Agua-140g,CEDI_Sur,100,227,5,0,23.54,Lluvia,8000,12.09,4.61512051684126,112.0,89.0,98.28571428571429,7.93125222803825,2.2475247524752477,0,500,0.0,692.0
2024-04-07,HZ-Atun-Agua-140g,CEDI_Sur,100,1485,5,1,23.44,Despejado,8000,11.35,4.61512051684126,100.0,94.0,99.85714285714286,6.792853387410692,14.702970297029703,100,500,0.0,693.0
2024-04-08,HZ-Atun-Agua-140g,CEDI_Sur,88,1899,5,0,23.41,Despejado,8000,9.57,4.48863636973214,100.0,92.0,100.71428571428571,6.290582530372552,21.337078651685392,0,440,0.0,694.0
2024-04-09,HZ-Atun-Agua-140g,CEDI_Sur,103,1718,5,0,23.57,Despejado,8000,9.78,4.6443908991413725,88.0,105.0,100.14285714285714,7.312741652498757,16.51923076923077,0,515,0.0,684.0
2024-04-10,HZ-Atun-Agua-140g,CEDI_Sur,112,1041,5,0,23.45,Despejado,8000,9.7,4.727387818712341,103.0,98.0,99.85714285714286,7.128079952520426,9.212389380530974,0,560,0.0,662.0
2024-04-11,HZ-Atun-Agua-140g,CEDI_Sur,114,445,5,0,23.2,Despejado,8000,9.49,4.74493212836325,112.0,98.0,101.85714285714286,8.375133261199903,3.869565217391304,0,570,0.0,641.0
2024-04-12,HZ-Atun-Agua-140g,CEDI_Sur,82,1465,5,0,23.44,Despejado,8000,11.07,4.418840607796598,114.0,112.0,104.14285714285714,9.281317640446153,17.650602409638555,0,410,0.0,661.0
2024-04-13,HZ-Atun-Agua-140g,CEDI_Sur,93,1987,5,1,22.84,Tormenta,8000,9.71,4.543294782270004,82.0,100.0,99.85714285714286,11.668027131561567,21.138297872340427,93,465,3.0,659.0
2024-04-14,HZ-Atun-Agua-140g,CEDI_Sur,101,604,5,0,23.6,Despejado,8000,9.73,4.624972813284271,93.0,100.0,98.85714285714286,11.950293879630053,5.921568627450981,0,505,0.0,692.0
2024-04-15,HZ-Atun-Agua-140g,CEDI_Sur,89,1235,5,1,23.0,Despejado,8000,9.52,4.499809670330265,101.0,88.0,99.0,11.972189997378633,13.722222222222221,89,445,0.0,707.0
2024-04-16,HZ-Atun-Agua-140g,CEDI_Sur,93,1538,5,0,23.25,Tormenta,8000,11.71,4.543294782270004,89.0,103.0,99.14285714285714,11.824107738409841,16.361702127659573,0,465,3.0,700.0
2024-04-17,HZ-Atun-Agua-140g,CEDI_Sur,90,1913,5,0,23.35,Despejado,8000,8.61,4.51085950651685,93.0,112.0,97.71428571428571,11.884363476353911,21.021978021978022,0,450,0.0,725.0
2024-04-18,HZ-Atun-Agua-140g,CEDI_Sur,93,1035,5,1,23.46,Despejado,8000,8.62,4.543294782270004,90.0,114.0,94.57142857142857,10.277112805600952,11.01063829787234,93,465,0.0,735.0
2024-04-19,HZ-Atun-Agua-140g,CEDI_Sur,102,1620,5,0,22.87,Lluvia,8000,10.67,4.634728988229636,93.0,82.0,91.57142857142857,5.711308748355929,15.728155339805825,0,510,0.0,735.0
2024-04-20,HZ-Atun-Agua-140g,CEDI_Sur,91,1170,5,1,23.82,Despejado,8000,9.4,4.5217885770490405,102.0,93.0,94.42857142857143,5.094347941825376,12.717391304347826,91,455,0.0,743.0
2024-04-21,HZ-Atun-Agua-140g,CEDI_Sur,134,744,5,0,23.75,Despejado,8000,9.61,4.90527477843843,91.0,101.0,94.14285714285714,5.241773600241615,5.511111111111111,0,670,0.0,710.0
2024-04-22,HZ-Atun-Agua-140g,CEDI_Sur,104,733,5,0,23.49,Despejado,8000,11.18,4.653960350157523,134.0,89.0,98.85714285714286,16.07719473279435,6.980952380952381,0,520,0.0,705.0
2024-03-08,HZ-Champiñones-380g,CEDI_Bajio,95,409,5,0,23.82,Lluvia,8000,12.66,4.564348191467836,79.0,91.0,94.85714285714286,10.761483346152788,4.260416666666667,0,475,0.0,681.0
2024-03-09,HZ-Champiñones-380g,CEDI_Bajio,80,958,5,0,22.72,Despejado,8000,11.55,4.394449154672439,95.0,96.0,95.42857142857143,10.627905765125176,11.82716049382716,0,400,0.0,689.0
2024-03-10,HZ-Champiñones-380g,CEDI_Bajio,105,1667,5,1,23.89,Despejado,8000,10.11,4.663439094112067,80.0,111.0,93.14285714285714,12.102734834581419,15.726415094339623,105,525,0.0,683.0
2024-03-11,HZ-Champiñones-380g,CEDI_Bajio,80,1621,5,1,24.16,Despejado,8000,11.19,4.394449154672439,105.0,92.0,92.28571428571429,10.765907388825243,20.012345679012345,80,400,0.0,688.0
2024-03-12,HZ-Champiñones-380g,CEDI_Bajio,104,1841,5,0,22.9,Despejado,8000,10.46,4.653960350157523,80.0,89.0,90.57142857142857,11.73111450882003,17.533333333333335,0,520,0.0,707.0
2024-03-13,HZ-Champiñones-380g,CEDI_Bajio,108,1985,5,0,23.86,Tormenta,8000,10.13,4.6913478822291435,104.0,106.0,92.71428571428571,12.724180205607036,18.211009174311926,0,540,3.0,718.0
2024-03-14,HZ-Champiñones-380g,CEDI_Bajio,105,891,5,0,24.38,Despejado,8000,9.47,4.663439094112067,108.0,79.0,93.0,13.089435944047905,8.40566037735849,0,525,0.0,698.0
2024-03-15,HZ-Champiñones-380g,CEDI_Bajio,99,889,5,0,24.15,Despejado,8000,10.12,4.605170185988092,105.0,95.0,96.71428571428571,12.106668764421867,8.89,0,495,0.0,694.0
2024-03-16,HZ-Champiñones-380g,CEDI_Bajio,88,503,5,0,22.93,Despejado,8000,10.61,4.48863636973214,99.0,80.0,97.28571428571429,12.106668764421864,5.651685393258427,0,440,0.0,714.0
2024-03-17,HZ-Champiñones-380g,CEDI_Bajio,99,1760,5,0,23.78,Despejado,8000,10.59,4.605170185988092,88.0,105.0,98.42857142857143,10.469911538262727,17.6,0,495,0.0,701.0
2024-03-18,HZ-Champiñones-380g,CEDI_Bajio,85,920,5,0,22.78,Despejado,8000,8.2,4.454347296253507,99.0,80.0,97.57142857142857,10.080627342534148,10.69767441860465,0,425,0.0,717.0
2024-03-19,HZ-Champiñones-380g,CEDI_Bajio,123,1405,5,0,24.51,Despejado,8000,9.14,4.820281565605037,85.0,104.0,98.28571428571429,8.712333895389987,11.330645161290322,0,615,0.0,693.0
2024-03-20,HZ-Champiñones-380g,CEDI_Bajio,119,153,5,0,23.29,Despejado,8000,11.44,4.787491742782046,123.0,108.0,101.0,12.79322737493029,1.275,0,595,0.0,679.0
2024-03-21,HZ-Champiñones-380g,CEDI_Bajio,85,103,5,0,23.68,Lluvia,8000,10.8,4.454347296253507,119.0,105.0,102.57142857142857,14.374249462808365,1.197674418604651,0,425,0.0,709.0
2024-03-22,HZ-Champiñones-380g,CEDI_Bajio,95,1737,5,0,22.45,Despejado,8000,11.91,4.564348191467836,85.0,99.0,99.71428571428571,15.734402707806476,18.09375,0,475,0.0,717.0
2024-03-23,HZ-Champiñones-380g,CEDI_Bajio,108,1413,5,0,23.18,Despejado,8000,10.96,4.6913478822291435,95.0,88.0,99.14285714285714,15.83696700159229,12.963302752293577,0,540,0.0,719.0
2024-03-24,HZ-Champiñones-380g,CEDI_Bajio,86,1992,5,0,22.9,Despejado,8000,9.46,4.465908118654584,108.0,99.0,102.0,15.286159317064104,22.896551724137932,0,430,0.0,740.0
2024-03-25,HZ-Champiñones-380g,CEDI_Bajio,101,276,5,0,23.0,Despejado,8000,9.27,4.624972813284271,86.0,85.0,100.14285714285714,16.456291313948082,2.7058823529411766,0,505,0.0,747.0
2024-03-26,HZ-Champiñones-380g,CEDI_Bajio,99,759,5,0,22.73,Tormenta,8000,11.59,4.605170185988092,101.0,123.0,102.42857142857143,15.053871515960491,7.59,0,495,3.0,738.0
2024-03-27,HZ-Champiñones-380g,CEDI_Bajio,105,1454,5,0,22.98,Despejado,8000,8.87,4.663439094112067,99.0,119.0,99.0,12.013880860626712,13.716981132075471,0,525,0.0,740.0
2024-03-28,HZ-Champiñones-380g,CEDI_Bajio,115,817,5,0,23.04,Despejado,8000,11.86,4.7535901911063645,105.0,85.0,97.0,8.888194417315574,7.043103448275862,0,575,0.0,723.0
2024-03-29,HZ-Champiñones-380g,CEDI_Bajio,103,353,5,0,23.64,Despejado,8000,7.16,4.6443908991413725,115.0,95.0,101.28571428571429,9.357960705806992,3.394230769230769,0,515,0.0,746.0
2024-03-30,HZ-Champiñones-380g,CEDI_Bajio,110,488,5,0,23.11,Despejado,8000,11.9,4.709530201312334,103.0,108.0,102.42857142857143,8.941609528064838,4.396396396396397,0,550,0.0,736.0
2024-03-31,HZ-Champiñones-380g,CEDI_Bajio,107,1172,5,0,24.15,Despejado,8000,11.26,4.68213122712422,110.0,86.0,102.71428571428571,9.178131358729518,10.851851851851851,0,535,0.0,724.0
2024-04-01,HZ-Champiñones-380g,CEDI_Bajio,108,1682,5,0,23.44,Despejado,8000,11.24,4.6913478822291435,107.0,101.0,105.71428571428571,5.498917642417797,15.431192660550458,0,540,0.0,709.0
2024-04-02,HZ-Champiñones-380g,CEDI_Bajio,90,547,5,0,23.67,Despejado,8000,8.16,4.51085950651685,108.0,99.0,106.71428571428571,5.122313465426882,6.010989010989011,0,450,0.0,731.0
2024-04-03,HZ-Champiñones-380g,CEDI_Bajio,107,1576,5,0,23.52,Despejado,8000,11.27,4.68213122712422,90.0,105.0,105.42857142857143,7.807200583588168,14.592592592592593,0,535,0.0,733.0
2024-04-04,HZ-Champiñones-380g,CEDI_Bajio,98,1058,5,1,23.31,Despejado,8000,10.19,4.59511985013459,107.0,115.0,105.71428571428571,7.825477316949661,10.686868686868687,98,490,0.0,744.0
2024-04-05,HZ-Champiñones-380g,CEDI_Bajio,126,965,5,0,23.34,Despejado,8000,11.01,4.844187086458591,98.0,103.0,103.28571428571429,7.064330251677133,7.5984251968503935,0,630,0.0,728.0
2024-04-06,HZ-Champiñones-380g,CEDI_Bajio,100,1397,5,0,23.22,Despejado,8000,9.84,4.61512051684126,126.0,110.0,106.57142857142857,11.103410029613094,13.831683168316832,0,500,0.0,711.0
2024-04-07,HZ-Champiñones-380g,CEDI_Bajio,95,1063,5,0,23.39,Despejado,8000,11.68,4.564348191467836,100.0,107.0,105.14285714285714,11.23133372057191,11.072916666666666,0,475,0.0,722.0
2024-04-08,HZ-Champiñones-380g,CEDI_Bajio,93,1966,5,0,22.83,Lluvia,8000,9.41,4.543294782270004,95.0,108.0,103.42857142857143,11.801936887041595,20.914893617021278,0,465,0.0,717.0
2024-04-09,HZ-Champiñones-380g,CEDI_Bajio,112,753,5,0,23.74,Despejado,8000,9.44,4.727387818712341,93.0,90.0,101.28571428571429,12.188988004400844,6.663716814159292,0,560,0.0,682.0
2024-04-10,HZ-Champiñones-380g,CEDI_Bajio,109,645,5,0,23.61,Despejado,8000,10.19,4.700480365792417,112.0,107.0,104.42857142857143,11.616900660347387,5.863636363636363,0,545,0.0,676.0
2024-04-11,HZ-Champiñones-380g,CEDI_Bajio,109,985,5,0,23.09,Despejado,8000,10.23,4.700480365792417,109.0,98.0,104.71428571428571,11.71486641998507,8.954545454545455,0,545,0.0,672.0
2024-04-12,HZ-Champiñones-380g,CEDI_Bajio,110,793,5,0,23.75,Despejado,8000,11.49,4.709530201312334,109.0,126.0,106.28571428571429,11.397577019031731,7.1441441441441444,0,550,0.0,663.0
2024-04-13,HZ-Champiñones-380g,CEDI_Bajio,83,1813,5,0,23.05,Tormenta,8000,9.19,4.430816798843313,110.0,100.0,104.0,7.8315600829804035,21.583333333333332,0,415,3.0,674.0
2024-04-14,HZ-Champiñones-380g,CEDI_Bajio,106,120,5,0,22.48,Despejado,8000,9.12,4.672828834461906,83.0,95.0,101.57142857142857,11.193110125685052,1.1214953271028036,0,530,0.0,675.0
2024-04-15,HZ-Champiñones-380g,CEDI_Bajio,88,1983,5,0,23.4,Despejado,8000,9.0,4.48863636973214,106.0,93.0,103.14285714285714,10.884676865951937,22.280898876404493,0,440,0.0,684.0
2024-04-16,HZ-Champiñones-380g,CEDI_Bajio,77,962,5,1,23.73,Tormenta,8000,9.74,4.356708826689592,88.0,112.0,102.42857142857143,11.787806452108885,12.333333333333334,77,385,3.0,716.0
2024-04-17,HZ-Champiñones-380g,CEDI_Bajio,103,1283,5,0,23.43,Despejado,8000,8.53,4.6443908991413725,77.0,109.0,97.42857142857143,14.222718245318434,12.336538461538462,0,515,0.0,706.0
2024-04-18,HZ-Champiñones-380g,CEDI_Bajio,105,1355,5,0,23.18,Lluvia,8000,8.62,4.663439094112067,103.0,109.0,96.57142857142857,13.575187449376674,12.783018867924529,0,525,0.0,686.0
2024-04-19,HZ-Champiñones-380g,CEDI_Bajio,101,668,5,0,22.94,Despejado,8000,11.57,4.624972813284271,105.0,110.0,96.0,13.03840481040529,6.549019607843137,0,505,0.0,673.0
2024-04-20,HZ-Champiñones-380g,CEDI_Bajio,94,324,5,0,23.85,Lluvia,8000,9.97,4.553876891600541,101.0,83.0,94.71428571428571,11.814035236591623,3.4105263157894736,0,470,0.0,680.0
2024-04-21,HZ-Champiñones-380g,CEDI_Bajio,107,899,5,0,22.94,Lluvia,8000,9.41,4.68213122712422,94.0,106.0,96.28571428571429,10.67261738772461,8.324074074074074,0,535,0.0,673.0
2024-04-22,HZ-Champiñones-380g,CEDI_Bajio,97,1808,5,0,24.62,Despejado,8000,9.56,4.584967478670572,107.0,88.0,96.42857142857143,10.829852920779397,18.448979591836736,0,485,0.0,663.0
2024-03-08,HZ-Champiñones-380g,CEDI_Norte,113,412,3,0,23.04,Lluvia,8000,11.09,4.736198448394496,105.0,110.0,98.71428571428571,8.635475005547093,3.6140350877192984,0,339,0.0,710.0
2024-03-09,HZ-Champiñones-380g,CEDI_Norte,123,684,3,0,24.41,Lluvia,8000,10.86,4.820281565605037,113.0,94.0,99.14285714285714,9.335033858688307,5.516129032258065,0,369,0.0,667.0
2024-03-10,HZ-Champiñones-380g,CEDI_Norte,108,394,3,0,22.96,Despejado,8000,11.17,4.6913478822291435,123.0,84.0,103.28571428571429,12.552745857836381,3.614678899082569,0,324,0.0,658.0
2024-03-11,HZ-Champiñones-380g,CEDI_Norte,103,1426,3,0,23.21,Despejado,8000,10.3,4.6443908991413725,108.0,104.0,106.71428571428571,9.250482612892606,13.711538461538462,0,309,0.0,682.0
2024-03-12,HZ-Champiñones-380g,CEDI_Norte,96,1599,3,0,23.71,Despejado,8000,10.4,4.574710978503383,103.0,95.0,106.57142857142857,9.30693545798226,16.484536082474225,0,288,0.0,711.0
2024-03-13,HZ-Champiñones-380g,CEDI_Norte,99,178,3,0,23.32,Despejado,8000,11.11,4.605170185988092,96.0,99.0,106.71428571428571,9.105205209371272,1.78,0,297,0.0,713.0
2024-03-14,HZ-Champiñones-380g,CEDI_Norte,99,433,3,1,23.2,Despejado,8000,12.13,4.605170185988092,99.0,105.0,106.71428571428571,9.105205209371272,4.33,99,297,0.0,707.0
2024-03-15,HZ-Champiñones-380g,CEDI_Norte,82,491,3,0,23.0,Despejado,8000,9.82,4.418840607796598,99.0,113.0,105.85714285714286,9.564318610135816,5.9156626506024095,0,246,0.0,716.0
2024-03-16,HZ-Champiñones-380g,CEDI_Norte,80,899,3,0,24.04,Despejado,8000,11.09,4.394449154672439,82.0,123.0,101.42857142857143,12.44798702410879,11.098765432098766,0,240,0.0,742.0
2024-03-17,HZ-Champiñones-380g,CEDI_Norte,99,1831,3,0,23.63,Despejado,8000,10.16,4.605170185988092,80.0,108.0,95.28571428571429,10.48354720048333,18.31,0,297,0.0,742.0
2024-03-18,HZ-Champiñones-380g,CEDI_Norte,127,1771,3,0,23.87,Lluvia,8000,10.61,4.852030263919617,99.0,103.0,94.0,9.128709291752767,13.8359375,0,381,0.0,724.0
2024-03-19,HZ-Champiñones-380g,CEDI_Norte,125,64,3,0,23.83,Lluvia,8000,10.68,4.836281906951478,127.0,96.0,97.42857142857143,15.414896938320657,0.5079365079365079,0,375,0.0,708.0
2024-03-20,HZ-Champiñones-380g,CEDI_Norte,101,321,3,0,24.4,Despejado,8000,10.88,4.624972813284271,125.0,99.0,101.57142857142857,18.545953223072168,3.1470588235294117,0,303,0.0,708.0
2024-03-21,HZ-Champiñones-380g,CEDI_Norte,93,462,3,0,23.43,Despejado,8000,9.49,4.543294782270004,101.0,99.0,101.85714285714286,18.51511608955028,4.914893617021277,0,279,0.0,716.0
2024-03-22,HZ-Champiñones-380g,CEDI_Norte,91,1474,3,0,23.55,Lluvia,8000,11.62,4.5217885770490405,93.0,82.0,101.0,18.80602740258204,16.02173913043478,0,273,0.0,730.0
2024-03-23,HZ-Champiñones-380g,CEDI_Norte,106,907,3,0,23.46,Despejado,8000,11.04,4.672828834461906,91.0,80.0,102.28571428571429,17.556710831989434,8.476635514018692,0,318,0.0,751.0
2024-03-24,HZ-Champiñones-380g,CEDI_Norte,99,1807,3,0,23.09,Despejado,8000,8.56,4.605170185988092,106.0,99.0,106.0,14.548768561863453,18.07,0,297,0.0,752.0
2024-03-25,HZ-Champiñones-380g,CEDI_Norte,109,1793,3,0,23.62,Despejado,8000,9.61,4.700480365792417,99.0,127.0,106.0,14.548768561863453,16.3,0,327,0.0,741.0
2024-03-26,HZ-Champiñones-380g,CEDI_Norte,109,1858,3,0,22.74,Lluvia,8000,7.67,4.700480365792417,109.0,125.0,103.42857142857143,11.487052753094712,16.89090909090909,0,327,0.0,749.0
2024-03-27,HZ-Champiñones-380g,CEDI_Norte,101,332,3,0,23.22,Despejado,8000,10.88,4.624972813284271,109.0,101.0,101.14285714285714,7.312741652498772,3.2549019607843137,0,303,0.0,751.0
2024-03-28,HZ-Champiñones-380g,CEDI_Norte,101,1429,3,0,23.94,Despejado,8000,10.0,4.624972813284271,101.0,93.0,101.14285714285714,7.312741652498772,14.009803921568627,0,303,0.0,737.0
2024-03-29,HZ-Champiñones-380g,CEDI_Norte,105,693,3,0,23.54,Despejado,8000,9.82,4.663439094112067,101.0,91.0,102.28571428571429,6.395683067879599,6.537735849056604,0,315,0.0,733.0
2024-03-30,HZ-Champiñones-380g,CEDI_Norte,127,478,3,0,23.81,Despejado,8000,11.54,4.852030263919617,105.0,106.0,104.28571428571429,4.029651999626637,3.734375,0,381,0.0,704.0
2024-03-31,HZ-Champiñones-380g,CEDI_Norte,100,1147,3,1,23.51,Despejado,8000,9.92,4.61512051684126,127.0,99.0,107.28571428571429,9.551863443229008,11.356435643564357,100,300,0.0,700.0
2024-04-01,HZ-Champiñones-380g,CEDI_Norte,98,491,3,0,23.6,Lluvia,8000,11.04,4.59511985013459,100.0,109.0,107.42857142857143,9.413769044280144,4.959595959595959,0,294,0.0,700.0
2024-04-02,HZ-Champiñones-380g,CEDI_Norte,117,81,3,0,24.44,Tormenta,8000,11.18,4.770684624465665,98.0,109.0,105.85714285714286,10.007140307942963,0.6864406779661016,0,351,3.0,674.0
2024-04-03,HZ-Champiñones-380g,CEDI_Norte,103,1144,3,0,22.82,Lluvia,8000,10.89,4.6443908991413725,117.0,101.0,107.0,10.847426730181965,11.0,0,309,0.0,683.0
2024-04-04,HZ-Champiñones-380g,CEDI_Norte,87,1261,3,0,23.57,Despejado,8000,9.27,4.477336814478207,103.0,101.0,107.28571428571429,10.688222267435064,14.329545454545455,0,261,0.0,688.0
2024-04-05,HZ-Champiñones-380g,CEDI_Norte,101,930,3,0,23.45,Despejado,8000,9.39,4.624972813284271,87.0,105.0,105.28571428571429,13.098527725337238,9.117647058823529,0,303,0.0,691.0
2024-04-06,HZ-Champiñones-380g,CEDI_Norte,98,564,3,0,23.22,Despejado,8000,9.38,4.59511985013459,101.0,127.0,104.71428571428571,13.199927849730658,5.696969696969697,0,294,0.0,679.0
2024-04-07,HZ-Champiñones-380g,CEDI_Norte,96,1054,3,0,23.33,Despejado,8000,10.35,4.574710978503383,98.0,100.0,100.57142857142857,8.885515232803398,10.8659793814433,0,288,0.0,690.0
2024-04-08,HZ-Champiñones-380g,CEDI_Norte,98,563,3,0,23.87,Despejado,8000,9.86,4.59511985013459,96.0,98.0,100.0,9.055385138137437,5.686868686868687,0,294,0.0,685.0
2024-04-09,HZ-Champiñones-380g,CEDI_Norte,91,199,3,0,23.87,Despejado,8000,10.48,4.5217885770490405,98.0,117.0,100.0,9.055385138137437,2.1630434782608696,0,273,0.0,708.0
2024-04-10,HZ-Champiñones-380g,CEDI_Norte,112,1874,3,0,23.51,Tormenta,8000,11.24,4.727387818712341,91.0,103.0,96.28571428571429,5.589105048046249,16.58407079646018,0,336,3.0,697.0
2024-04-11,HZ-Champiñones-380g,CEDI_Norte,92,1386,3,1,23.53,Despejado,8000,11.47,4.532599493153256,112.0,87.0,97.57142857142857,7.934253648099587,14.903225806451612,92,276,0.0,706.0
2024-04-12,HZ-Champiñones-380g,CEDI_Norte,104,757,3,0,23.38,Despejado,8000,11.53,4.653960350157523,92.0,101.0,98.28571428571429,6.99319397019434,7.20952380952381,0,312,0.0,705.0
2024-04-13,HZ-Champiñones-380g,CEDI_Norte,86,741,3,0,24.34,Despejado,8000,9.91,4.465908118654584,104.0,98.0,98.71428571428571,7.273565968956522,8.517241379310345,0,258,0.0,712.0
2024-04-14,HZ-Champiñones-380g,CEDI_Norte,107,1365,3,0,23.65,Despejado,8000,12.57,4.68213122712422,86.0,96.0,97.0,8.736894948054148,12.63888888888889,0,321,0.0,714.0
2024-04-15,HZ-Champiñones-380g,CEDI_Norte,93,1614,3,0,22.97,Despejado,8000,10.76,4.543294782270004,107.0,98.0,98.57142857142857,9.484322904265834,17.170212765957448,0,279,0.0,728.0
2024-04-16,HZ-Champiñones-380g,CEDI_Norte,114,430,3,0,24.17,Despejado,8000,11.51,4.74493212836325,93.0,91.0,97.85714285714286,9.719886340703328,3.739130434782609,0,342,0.0,706.0
2024-04-17,HZ-Champiñones-380g,CEDI_Norte,101,1608,3,0,23.5,Despejado,8000,9.7,4.624972813284271,114.0,112.0,101.14285714285714,10.838643387259808,15.764705882352942,0,303,0.0,705.0
2024-04-18,HZ-Champiñones-380g,CEDI_Norte,101,1933,3,1,23.45,Despejado,8000,11.11,4.624972813284271,101.0,92.0,99.57142857142857,9.74435123301605,18.95098039215686,101,303,0.0,713.0
2024-04-19,HZ-Champiñones-380g,CEDI_Norte,103,1545,3,0,24.28,Despejado,8000,8.79,4.6443908991413725,101.0,104.0,100.85714285714286,9.154754164341286,14.85576923076923,0,309,0.0,712.0
2024-04-20,HZ-Champiñones-380g,CEDI_Norte,93,1819,3,0,24.09,Despejado,8000,9.56,4.543294782270004,103.0,86.0,100.71428571428571,9.105205209371299,19.351063829787233,0,279,0.0,706.0
2024-04-21,HZ-Champiñones-380g,CEDI_Norte,109,1658,3,0,23.35,Lluvia,8000,11.68,4.700480365792417,93.0,107.0,101.71428571428571,7.454624643228441,15.072727272727272,0,327,0.0,695.0
2024-04-22,HZ-Champiñones-380g,CEDI_Norte,107,93,3,0,23.26,Despejado,8000,9.03,4.68213122712422,109.0,93.0,102.0,7.724420150837654,0.8611111111111112,0,321,0.0,670.0
2024-03-08,HZ-Champiñones-380g,CEDI_Occidente,89,1791,5,0,23.11,Despejado,8000,9.88,4.499809670330265,106.0,100.0,103.85714285714286,4.670066788550653,19.9,0,445,0.0,710.0
2024-03-09,HZ-Champiñones-380g,CEDI_Occidente,103,944,5,0,24.37,Despejado,8000,10.7,4.6443908991413725,89.0,105.0,102.28571428571429,7.296444013222828,9.076923076923077,0,515,0.0,712.0
2024-03-10,HZ-Champiñones-380g,CEDI_Occidente,108,1232,5,0,23.38,Despejado,8000,11.46,4.6913478822291435,103.0,106.0,102.0,7.211102550927979,11.302752293577981,0,540,0.0,704.0
2024-03-11,HZ-Champiñones-380g,CEDI_Occidente,91,391,5,0,24.34,Despejado,8000,10.92,4.5217885770490405,108.0,108.0,102.28571428571429,7.432233529572066,4.25,0,455,0.0,736.0
2024-03-12,HZ-Champiñones-380g,CEDI_Occidente,91,291,5,0,23.44,Despejado,8000,10.06,4.5217885770490405,91.0,107.0,99.85714285714286,8.008923594519876,3.1630434782608696,0,455,0.0,757.0
2024-03-13,HZ-Champiñones-380g,CEDI_Occidente,96,549,5,0,23.62,Lluvia,8000,10.74,4.574710978503383,91.0,95.0,97.57142857142857,7.9132198010069,5.65979381443299,0,480,0.0,765.0
2024-03-14,HZ-Champiñones-380g,CEDI_Occidente,106,1015,5,0,23.38,Despejado,8000,11.65,4.672828834461906,96.0,106.0,97.71428571428571,7.867957924694435,9.485981308411215,0,530,0.0,779.0
2024-03-15,HZ-Champiñones-380g,CEDI_Occidente,115,695,5,0,23.02,Despejado,8000,10.65,4.7535901911063645,106.0,89.0,97.71428571428571,7.867957924694435,5.991379310344827,0,575,0.0,755.0
2024-03-16,HZ-Champiñones-380g,CEDI_Occidente,105,1916,5,0,22.93,Despejado,8000,10.51,4.663439094112067,115.0,103.0,101.42857142857143,9.107819769427868,18.07547169811321,0,525,0.0,743.0
2024-03-17,HZ-Champiñones-380g,CEDI_Occidente,100,1289,5,0,23.87,Despejado,8000,10.69,4.61512051684126,105.0,108.0,101.71428571428571,9.196272536817768,12.762376237623762,0,500,0.0,734.0
2024-03-18,HZ-Champiñones-380g,CEDI_Occidente,123,1679,5,0,24.62,Tormenta,8000,10.09,4.820281565605037,100.0,91.0,100.57142857142857,8.772250620700543,13.540322580645162,0,615,3.0,702.0
2024-03-19,HZ-Champiñones-380g,CEDI_Occidente,112,1655,5,0,23.49,Despejado,8000,12.78,4.727387818712341,123.0,91.0,105.14285714285714,11.006491591004707,14.646017699115044,0,560,0.0,680.0
2024-03-20,HZ-Champiñones-380g,CEDI_Occidente,104,918,5,0,24.5,Despejado,8000,13.61,4.653960350157523,112.0,96.0,108.14285714285714,9.227288721117235,8.742857142857142,0,520,0.0,660.0
2024-03-21,HZ-Champiñones-380g,CEDI_Occidente,120,1146,5,0,23.78,Tormenta,8000,9.48,4.795790545596741,104.0,106.0,109.28571428571429,7.867957924694446,9.47107438016529,0,600,3.0,643.0
2024-03-22,HZ-Champiñones-380g,CEDI_Occidente,91,1613,5,0,23.25,Despejado,8000,9.84,4.5217885770490405,120.0,115.0,111.28571428571429,8.635475005547107,17.532608695652176,0,455,0.0,655.0
2024-03-23,HZ-Champiñones-380g,CEDI_Occidente,93,952,5,0,24.02,Lluvia,8000,11.04,4.543294782270004,91.0,105.0,107.85714285714286,11.27576414895493,10.127659574468085,0,465,0.0,657.0
2024-03-24,HZ-Champiñones-380g,CEDI_Occidente,91,1431,5,1,23.44,Despejado,8000,9.73,4.5217885770490405,93.0,100.0,106.14285714285714,12.61518359528934,15.554347826086957,91,455,0.0,674.0
2024-03-25,HZ-Champiñones-380g,CEDI_Occidente,91,1798,5,0,23.41,Despejado,8000,11.17,4.5217885770490405,91.0,123.0,104.85714285714286,13.752921767495705,19.543478260869566,0,455,0.0,681.0
2024-03-26,HZ-Champiñones-380g,CEDI_Occidente,90,1782,5,1,23.67,Despejado,8000,12.46,4.51085950651685,91.0,112.0,100.28571428571429,11.912378515844837,19.582417582417584,90,450,0.0,683.0
2024-03-27,HZ-Champiñones-380g,CEDI_Occidente,84,1934,5,0,23.0,Despejado,8000,9.53,4.442651256490317,90.0,104.0,97.14285714285714,11.186726828829636,22.75294117647059,0,420,0.0,700.0
2024-03-28,HZ-Champiñones-380g,CEDI_Occidente,103,759,5,0,23.46,Despejado,8000,7.31,4.6443908991413725,84.0,120.0,94.28571428571429,11.686377906410012,7.298076923076923,0,515,0.0,687.0
2024-03-29,HZ-Champiñones-380g,CEDI_Occidente,103,1229,5,0,23.46,Despejado,8000,10.42,4.6443908991413725,103.0,91.0,91.85714285714286,5.6694670951383515,11.817307692307692,0,515,0.0,676.0
2024-03-30,HZ-Champiñones-380g,CEDI_Occidente,95,1087,5,0,23.25,Despejado,8000,9.13,4.564348191467836,103.0,93.0,93.57142857142857,7.020378500174599,11.322916666666666,0,475,0.0,694.0
2024-03-31,HZ-Champiñones-380g,CEDI_Occidente,108,1507,5,0,23.46,Despejado,8000,10.99,4.6913478822291435,95.0,91.0,93.85714285714286,7.03393136703721,13.825688073394495,0,540,0.0,691.0
2024-04-01,HZ-Champiñones-380g,CEDI_Occidente,98,314,5,0,22.59,Lluvia,8000,10.61,4.59511985013459,108.0,91.0,96.28571428571429,8.635475005547077,3.1717171717171717,0,490,0.0,691.0
2024-04-02,HZ-Champiñones-380g,CEDI_Occidente,92,1789,5,0,23.01,Lluvia,8000,11.9,4.532599493153256,98.0,90.0,97.28571428571429,8.320943169983499,19.236559139784948,0,460,0.0,690.0
2024-04-03,HZ-Champiñones-380g,CEDI_Occidente,101,142,5,0,24.33,Lluvia,8000,10.62,4.624972813284271,92.0,84.0,97.57142857142857,8.059303999253332,1.392156862745098,0,505,0.0,668.0
2024-04-04,HZ-Champiñones-380g,CEDI_Occidente,90,626,5,0,23.66,Tormenta,8000,10.64,4.51085950651685,101.0,103.0,100.0,5.416025603090638,6.8791208791208796,0,450,3.0,674.0
2024-04-05,HZ-Champiñones-380g,CEDI_Occidente,92,1898,5,1,24.05,Tormenta,8000,8.93,4.532599493153256,90.0,103.0,98.14285714285714,6.362090102803509,20.408602150537636,92,460,3.0,687.0
2024-04-06,HZ-Champiñones-380g,CEDI_Occidente,113,373,5,0,23.4,Despejado,8000,10.04,4.736198448394496,92.0,95.0,96.57142857142857,6.320789582985718,3.2719298245614037,0,565,0.0,662.0
2024-04-07,HZ-Champiñones-380g,CEDI_Occidente,105,1771,5,0,23.13,Despejado,8000,8.48,4.663439094112067,113.0,108.0,99.14285714285714,8.76410427879106,16.70754716981132,0,525,0.0,660.0
2024-04-08,HZ-Champiñones-380g,CEDI_Occidente,98,1142,5,1,23.06,Despejado,8000,11.35,4.59511985013459,105.0,98.0,98.71428571428571,8.320943169983506,11.535353535353535,98,490,0.0,673.0
2024-04-09,HZ-Champiñones-380g,CEDI_Occidente,91,947,5,1,23.35,Despejado,8000,9.56,4.5217885770490405,98.0,92.0,98.71428571428571,8.320943169983506,10.293478260869565,91,455,0.0,684.0
2024-04-10,HZ-Champiñones-380g,CEDI_Occidente,79,1146,5,0,24.88,Despejado,8000,10.19,4.382026634673881,91.0,101.0,98.57142857142857,8.462803768199256,14.325,0,395,0.0,706.0
2024-04-11,HZ-Champiñones-380g,CEDI_Occidente,96,1378,5,0,24.85,Despejado,8000,11.33,4.574710978503383,79.0,90.0,95.42857142857143,11.088389466120889,14.206185567010309,0,480,0.0,699.0
2024-04-12,HZ-Champiñones-380g,CEDI_Occidente,105,713,5,1,24.59,Despejado,8000,11.2,4.663439094112067,96.0,92.0,96.28571428571429,10.827654189070458,6.726415094339623,105,525,0.0,709.0
2024-04-13,HZ-Champiñones-380g,CEDI_Occidente,88,654,5,0,23.47,Despejado,8000,9.67,4.48863636973214,105.0,113.0,98.14285714285714,11.0819458494221,7.348314606741573,0,440,0.0,707.0
2024-04-14,HZ-Champiñones-380g,CEDI_Occidente,103,1129,5,0,23.94,Lluvia,8000,10.3,4.6443908991413725,88.0,105.0,94.57142857142857,9.39604780137447,10.85576923076923,0,515,0.0,732.0
2024-04-15,HZ-Champiñones-380g,CEDI_Occidente,111,1138,5,0,22.95,Despejado,8000,11.37,4.718498871295094,103.0,98.0,94.28571428571429,9.050124966251108,10.160714285714286,0,555,0.0,717.0
2024-04-16,HZ-Champiñones-380g,CEDI_Occidente,102,1455,5,0,23.65,Despejado,8000,10.75,4.634728988229636,111.0,91.0,96.14285714285714,11.0518259641951,14.12621359223301,0,510,0.0,725.0
2024-04-17,HZ-Champiñones-380g,CEDI_Occidente,101,827,5,0,23.12,Despejado,8000,10.88,4.624972813284271,102.0,79.0,97.71428571428571,10.98050220032893,8.107843137254902,0,505,0.0,718.0
2024-04-18,HZ-Champiñones-380g,CEDI_Occidente,89,1075,5,0,22.6,Despejado,8000,10.77,4.499809670330265,101.0,96.0,100.85714285714286,7.24404517353326,11.944444444444445,0,445,0.0,724.0
2024-04-19,HZ-Champiñones-380g,CEDI_Occidente,115,815,5,0,23.45,Lluvia,8000,10.53,4.7535901911063645,89.0,105.0,99.85714285714286,8.414839499926535,7.025862068965517,0,575,0.0,717.0
2024-04-20,HZ-Champiñones-380g,CEDI_Occidente,86,252,5,0,23.22,Despejado,8000,10.49,4.465908118654584,115.0,88.0,101.28571428571429,10.111285538352446,2.896551724137931,0,430,0.0,727.0
2024-04-21,HZ-Champiñones-380g,CEDI_Occidente,128,1032,5,1,23.65,Despejado,8000,9.28,4.859812404361672,86.0,103.0,101.0,10.567244989431574,8.0,128,640,0.0,696.0
2024-04-22,HZ-Champiñones-380g,CEDI_Occidente,96,923,5,0,23.37,Despejado,8000,9.2,4.574710978503383,128.0,111.0,104.57142857142857,14.751916743903069,9.515463917525773,0,480,0.0,700.0
2024-03-08,HZ-Champiñones-380g,CEDI_Sur,126,1104,5,0,23.31,Lluvia,8000,9.67,4.844187086458591,78.0,116.0,95.57142857142857,14.10504806629105,8.692913385826772,0,630,0.0,684.0
2024-03-09,HZ-Champiñones-380g,CEDI_Sur,106,1391,5,0,24.56,Despejado,8000,10.29,4.672828834461906,126.0,110.0,97.0,16.772994167212165,13.0,0,530,0.0,662.0
2024-03-10,HZ-Champiñones-380g,CEDI_Sur,97,1675,5,0,23.67,Despejado,8000,9.39,4.584967478670572,106.0,84.0,96.42857142857143,16.318263212907013,17.091836734693878,0,485,0.0,653.0
2024-03-11,HZ-Champiñones-380g,CEDI_Sur,81,1612,5,0,23.82,Despejado,8000,8.94,4.406719247264253,97.0,97.0,98.28571428571429,15.380878667079738,19.658536585365855,0,405,0.0,677.0
2024-03-12,HZ-Champiñones-380g,CEDI_Sur,87,791,5,0,23.23,Despejado,8000,10.89,4.477336814478207,81.0,85.0,96.0,16.733200530681508,8.988636363636363,0,435,0.0,691.0
2024-03-13,HZ-Champiñones-380g,CEDI_Sur,114,522,5,0,23.86,Despejado,8000,11.95,4.74493212836325,87.0,99.0,96.28571428571429,16.52991516124917,4.539130434782609,0,570,0.0,686.0
2024-03-14,HZ-Champiñones-380g,CEDI_Sur,105,1737,5,0,23.71,Despejado,8000,11.19,4.663439094112067,114.0,78.0,98.42857142857143,17.859237972331883,16.38679245283019,0,525,0.0,685.0
2024-03-15,HZ-Champiñones-380g,CEDI_Sur,94,1727,5,1,23.84,Despejado,8000,9.91,4.553876891600541,105.0,126.0,102.28571428571429,15.467323467170893,18.178947368421053,94,470,0.0,685.0
2024-03-16,HZ-Champiñones-380g,CEDI_Sur,84,985,5,0,23.76,Despejado,8000,10.33,4.442651256490317,94.0,106.0,97.71428571428571,11.513966674062788,11.588235294117647,0,420,0.0,702.0
2024-03-17,HZ-Champiñones-380g,CEDI_Sur,88,1377,5,0,23.47,Despejado,8000,12.14,4.48863636973214,84.0,97.0,94.57142857142857,11.872336794093266,15.47191011235955,0,440,0.0,719.0
2024-03-18,HZ-Champiñones-380g,CEDI_Sur,105,1798,5,0,23.6,Lluvia,8000,10.57,4.663439094112067,88.0,81.0,93.28571428571429,12.051476890327384,16.962264150943398,0,525,0.0,703.0
2024-03-19,HZ-Champiñones-380g,CEDI_Sur,101,1296,5,0,23.4,Despejado,8000,9.27,4.624972813284271,105.0,87.0,96.71428571428571,11.368293418015526,12.705882352941176,0,505,0.0,693.0
2024-03-20,HZ-Champiñones-380g,CEDI_Sur,109,1724,5,0,22.38,Tormenta,8000,10.21,4.700480365792417,101.0,114.0,98.71428571428571,10.578504710249074,15.672727272727272,0,545,3.0,674.0
2024-03-21,HZ-Champiñones-380g,CEDI_Sur,104,333,5,0,23.81,Despejado,8000,10.34,4.653960350157523,109.0,105.0,98.0,9.486832980505135,3.1714285714285713,0,520,0.0,672.0
2024-03-22,HZ-Champiñones-380g,CEDI_Sur,94,1487,5,0,23.15,Despejado,8000,9.24,4.553876891600541,104.0,94.0,97.85714285714286,9.370673604897554,15.652631578947368,0,470,0.0,691.0
2024-03-23,HZ-Champiñones-380g,CEDI_Sur,101,1295,5,0,24.15,Despejado,8000,10.61,4.624972813284271,94.0,84.0,97.85714285714286,9.370673604897554,12.696078431372548,0,505,0.0,689.0
2024-03-24,HZ-Champiñones-380g,CEDI_Sur,105,974,5,0,23.17,Despejado,8000,10.32,4.663439094112067,101.0,88.0,100.28571428571429,7.111359122659222,9.18867924528302,0,525,0.0,703.0
2024-03-25,HZ-Champiñones-380g,CEDI_Sur,89,1305,5,0,23.55,Despejado,8000,9.86,4.499809670330265,105.0,105.0,102.71428571428571,4.715728494951256,14.5,0,445,0.0,708.0
2024-03-26,HZ-Champiñones-380g,CEDI_Sur,91,1518,5,0,23.88,Despejado,8000,11.2,4.5217885770490405,89.0,101.0,100.42857142857143,6.827814263660635,16.5,0,455,0.0,720.0
2024-03-27,HZ-Champiñones-380g,CEDI_Sur,90,190,5,0,23.2,Despejado,8000,11.16,4.51085950651685,91.0,109.0,99.0,7.68114574786861,2.087912087912088,0,450,0.0,713.0
2024-03-28,HZ-Champiñones-380g,CEDI_Sur,102,1950,5,0,23.83,Despejado,8000,9.36,4.634728988229636,90.0,104.0,96.28571428571429,6.872997543873803,18.932038834951456,0,510,0.0,718.0
2024-03-29,HZ-Champiñones-380g,CEDI_Sur,113,1838,5,0,23.64,Despejado,8000,8.64,4.736198448394496,102.0,94.0,96.0,6.531972647421815,16.12280701754386,0,565,0.0,703.0
2024-03-30,HZ-Champiñones-380g,CEDI_Sur,99,544,5,0,24.23,Lluvia,8000,11.77,4.605170185988092,113.0,101.0,98.71428571428571,9.031690238899289,5.44,0,495,0.0,705.0
2024-03-31,HZ-Champiñones-380g,CEDI_Sur,119,1905,5,0,23.41,Lluvia,8000,10.9,4.787491742782046,99.0,105.0,98.42857142857143,8.978811035936092,15.875,0,595,0.0,691.0
2024-04-01,HZ-Champiñones-380g,CEDI_Sur,94,1142,5,1,23.27,Despejado,8000,10.34,4.553876891600541,119.0,89.0,100.42857142857143,11.801936887041652,12.021052631578947,94,470,0.0,693.0
2024-04-02,HZ-Champiñones-380g,CEDI_Sur,103,719,5,0,23.02,Despejado,8000,10.19,4.6443908991413725,94.0,91.0,101.14285714285714,11.12697280528374,6.913461538461538,0,515,0.0,705.0
2024-04-03,HZ-Champiñones-380g,CEDI_Sur,83,1142,5,0,22.9,Lluvia,8000,10.25,4.430816798843313,103.0,90.0,102.85714285714286,10.188695883650855,13.595238095238095,0,415,0.0,723.0
2024-04-04,HZ-Champiñones-380g,CEDI_Sur,107,415,5,0,23.88,Despejado,8000,11.63,4.68213122712422,83.0,102.0,101.85714285714286,11.866318882009024,3.8425925925925926,0,535,0.0,715.0
2024-04-05,HZ-Champiñones-380g,CEDI_Sur,98,1557,5,0,23.63,Despejado,8000,9.61,4.59511985013459,107.0,113.0,102.57142857142857,12.025765988869386,15.727272727272727,0,490,0.0,706.0
2024-04-06,HZ-Champiñones-380g,CEDI_Sur,101,1304,5,0,23.95,Lluvia,8000,9.7,4.624972813284271,98.0,99.0,100.42857142857143,11.163290178932362,12.784313725490197,0,505,0.0,699.0
2024-04-07,HZ-Champiñones-380g,CEDI_Sur,105,1729,5,0,22.61,Despejado,8000,8.27,4.663439094112067,101.0,119.0,100.71428571428571,11.1462143904599,16.31132075471698,0,525,0.0,689.0
2024-04-08,HZ-Champiñones-380g,CEDI_Sur,96,1464,5,0,23.57,Despejado,8000,9.72,4.574710978503383,105.0,94.0,98.71428571428571,8.17953311043864,15.092783505154639,0,480,0.0,694.0
2024-04-09,HZ-Champiñones-380g,CEDI_Sur,115,1177,5,0,23.04,Lluvia,8000,12.61,4.7535901911063645,96.0,103.0,99.0,8.020806277010651,10.14655172413793,0,575,0.0,674.0
2024-04-10,HZ-Champiñones-380g,CEDI_Sur,101,1860,5,0,24.04,Despejado,8000,9.94,4.624972813284271,115.0,83.0,100.71428571428571,10.04513623126944,18.235294117647058,0,505,0.0,675.0
2024-04-11,HZ-Champiñones-380g,CEDI_Sur,99,1805,5,0,22.97,Despejado,8000,10.49,4.605170185988092,101.0,107.0,103.28571428571429,6.395683067879611,18.05,0,495,0.0,674.0
2024-04-12,HZ-Champiñones-380g,CEDI_Sur,89,1068,5,0,22.45,Tormenta,8000,12.54,4.499809670330265,99.0,98.0,102.14285714285714,6.335839103296202,11.866666666666667,0,445,3.0,683.0
2024-04-13,HZ-Champiñones-380g,CEDI_Sur,94,1202,5,0,23.98,Despejado,8000,10.36,4.553876891600541,89.0,101.0,100.85714285714286,8.00892359451988,12.652631578947368,0,470,0.0,698.0
2024-04-14,HZ-Champiñones-380g,CEDI_Sur,95,1896,5,0,24.35,Despejado,8000,9.61,4.564348191467836,94.0,105.0,99.85714285714286,8.414839499926538,19.75,0,475,0.0,692.0
2024-04-15,HZ-Champiñones-380g,CEDI_Sur,101,237,5,0,23.7,Despejado,8000,10.86,4.624972813284271,95.0,96.0,98.42857142857143,8.243323416704033,2.323529411764706,0,505,0.0,690.0
2024-04-16,HZ-Champiñones-380g,CEDI_Sur,95,1549,5,0,23.46,Despejado,8000,9.85,4.564348191467836,101.0,115.0,99.14285714285714,8.214389233302168,16.135416666666668,0,475,0.0,699.0
2024-04-17,HZ-Champiñones-380g,CEDI_Sur,102,1954,5,0,23.0,Despejado,8000,8.18,4.634728988229636,95.0,101.0,96.28571428571429,4.347960660443246,18.97087378640777,0,510,0.0,696.0
2024-04-18,HZ-Champiñones-380g,CEDI_Sur,98,1402,5,1,23.01,Despejado,8000,10.14,4.59511985013459,102.0,99.0,96.42857142857143,4.540820148282443,14.16161616161616,98,490,0.0,701.0
2024-04-19,HZ-Champiñones-380g,CEDI_Sur,98,1923,5,0,24.43,Despejado,8000,11.75,4.59511985013459,98.0,89.0,96.28571428571429,4.461475305855909,19.424242424242426,0,490,0.0,705.0
2024-04-20,HZ-Champiñones-380g,CEDI_Sur,109,1827,5,0,22.84,Despejado,8000,11.27,4.700480365792417,98.0,94.0,97.57142857142857,3.1014589500826504,16.60909090909091,0,545,0.0,693.0
2024-04-21,HZ-Champiñones-380g,CEDI_Sur,89,1273,5,0,24.82,Lluvia,8000,11.1,4.499809670330265,109.0,95.0,99.71428571428571,4.889249625940784,14.144444444444444,0,445,0.0,697.0
2024-04-22,HZ-Champiñones-380g,CEDI_Sur,99,80,5,0,23.57,Despejado,8000,11.37,4.605170185988092,89.0,101.0,98.85714285714286,6.202917900165267,0.8,0,495,0.0,700.0
2024-03-08,HZ-Mole-Poblano-250g,CEDI_Bajio,115,1340,5,1,23.19,Lluvia,8000,10.11,4.7535901911063645,107.0,96.0,100.28571428571429,11.657819774930557,11.551724137931034,115,575,0.0,739.0
2024-03-09,HZ-Mole-Poblano-250g,CEDI_Bajio,104,435,5,0,23.28,Despejado,8000,8.61,4.653960350157523,115.0,109.0,103.0,12.662279942148386,4.142857142857143,0,520,0.0,733.0
2024-03-10,HZ-Mole-Poblano-250g,CEDI_Bajio,110,1792,5,0,23.24,Tormenta,8000,10.54,4.709530201312334,104.0,106.0,102.28571428571429,12.405835800330502,16.144144144144143,0,550,3.0,724.0
2024-03-11,HZ-Mole-Poblano-250g,CEDI_Bajio,93,1133,5,0,23.79,Despejado,8000,11.18,4.543294782270004,110.0,93.0,102.85714285714286,12.694205652298892,12.053191489361701,0,465,0.0,730.0
2024-03-12,HZ-Mole-Poblano-250g,CEDI_Bajio,113,496,5,0,23.77,Despejado,8000,9.22,4.736198448394496,93.0,112.0,102.85714285714286,12.694205652298892,4.350877192982456,0,565,0.0,697.0
2024-03-13,HZ-Mole-Poblano-250g,CEDI_Bajio,114,171,5,0,23.42,Lluvia,8000,10.78,4.74493212836325,113.0,79.0,103.0,12.819256348686272,1.4869565217391305,0,570,0.0,694.0
2024-03-14,HZ-Mole-Poblano-250g,CEDI_Bajio,99,1481,5,0,23.01,Despejado,8000,9.61,4.605170185988092,114.0,107.0,108.0,7.702813338860883,14.81,0,495,0.0,676.0
2024-03-15,HZ-Mole-Poblano-250g,CEDI_Bajio,106,1468,5,1,22.84,Despejado,8000,11.58,4.672828834461906,99.0,115.0,106.85714285714286,8.43462252521457,13.719626168224298,106,530,0.0,668.0
2024-03-16,HZ-Mole-Poblano-250g,CEDI_Bajio,98,1762,5,0,23.35,Lluvia,8000,9.75,4.59511985013459,106.0,104.0,105.57142857142857,7.634508123364217,17.7979797979798,0,490,0.0,671.0
2024-03-17,HZ-Mole-Poblano-250g,CEDI_Bajio,101,354,5,0,23.24,Lluvia,8000,9.82,4.624972813284271,98.0,110.0,104.71428571428571,8.159131606453506,3.4705882352941178,0,505,0.0,660.0
2024-03-18,HZ-Mole-Poblano-250g,CEDI_Bajio,99,102,5,0,24.03,Despejado,8000,13.26,4.605170185988092,101.0,93.0,103.42857142857143,7.892129895390369,1.02,0,495,0.0,649.0
2024-03-19,HZ-Mole-Poblano-250g,CEDI_Bajio,80,565,5,1,23.51,Tormenta,8000,10.73,4.394449154672439,99.0,113.0,104.28571428571429,6.824326235712111,6.9753086419753085,80,400,3.0,671.0
2024-03-20,HZ-Mole-Poblano-250g,CEDI_Bajio,111,1043,5,0,24.03,Despejado,8000,10.02,4.718498871295094,80.0,114.0,99.57142857142857,10.309496315810714,9.3125,0,555,0.0,680.0
2024-03-21,HZ-Mole-Poblano-250g,CEDI_Bajio,81,66,5,0,23.69,Despejado,8000,10.54,4.406719247264253,111.0,99.0,99.14285714285714,9.651054716602614,0.8048780487804879,0,405,0.0,704.0
2024-03-22,HZ-Mole-Poblano-250g,CEDI_Bajio,98,1202,5,0,23.55,Despejado,8000,8.84,4.59511985013459,81.0,106.0,96.57142857142857,11.844227044670955,12.141414141414142,0,490,0.0,703.0
2024-03-23,HZ-Mole-Poblano-250g,CEDI_Bajio,101,1903,5,0,22.93,Despejado,8000,10.56,4.624972813284271,98.0,98.0,95.42857142857143,11.148350294358128,18.65686274509804,0,505,0.0,704.0
2024-03-24,HZ-Mole-Poblano-250g,CEDI_Bajio,90,1827,5,0,23.33,Despejado,8000,10.84,4.51085950651685,101.0,101.0,95.85714285714286,11.320020191804332,20.076923076923077,0,450,0.0,712.0
2024-03-25,HZ-Mole-Poblano-250g,CEDI_Bajio,88,960,5,0,23.0,Tormenta,8000,9.72,4.48863636973214,90.0,99.0,94.28571428571429,11.25039681839842,10.786516853932584,0,440,3.0,727.0
2024-03-26,HZ-Mole-Poblano-250g,CEDI_Bajio,102,105,5,0,22.79,Lluvia,8000,10.94,4.634728988229636,88.0,80.0,92.71428571428571,11.250396818398423,1.0194174757281553,0,510,0.0,728.0
2024-03-27,HZ-Mole-Poblano-250g,CEDI_Bajio,120,1156,5,1,23.45,Tormenta,8000,7.8,4.795790545596741,102.0,111.0,95.85714285714286,10.123052428797903,9.553719008264462,120,600,3.0,707.0
2024-03-28,HZ-Mole-Poblano-250g,CEDI_Bajio,105,352,5,0,23.64,Lluvia,8000,9.51,4.663439094112067,120.0,81.0,97.14285714285714,12.628388277060182,3.3207547169811322,0,525,0.0,705.0
2024-03-29,HZ-Mole-Poblano-250g,CEDI_Bajio,97,415,5,0,23.91,Lluvia,8000,8.39,4.584967478670572,105.0,98.0,100.57142857142857,10.612212192518959,4.23469387755102,0,485,0.0,707.0
2024-03-30,HZ-Mole-Poblano-250g,CEDI_Bajio,102,1066,5,1,23.8,Tormenta,8000,11.02,4.634728988229636,97.0,101.0,100.42857142857143,10.659223593632326,10.349514563106796,102,510,3.0,697.0
2024-03-31,HZ-Mole-Poblano-250g,CEDI_Bajio,98,70,5,0,23.14,Despejado,8000,10.7,4.59511985013459,102.0,90.0,100.57142857142857,10.674848052894307,0.7070707070707071,0,490,0.0,688.0
2024-04-01,HZ-Mole-Poblano-250g,CEDI_Bajio,103,1571,5,0,23.54,Despejado,8000,10.69,4.6443908991413725,98.0,88.0,101.71428571428571,9.741907508530465,15.10576923076923,0,515,0.0,702.0
2024-04-02,HZ-Mole-Poblano-250g,CEDI_Bajio,103,1235,5,0,23.97,Despejado,8000,8.27,4.6443908991413725,103.0,102.0,103.85714285714286,7.64697263472223,11.875,0,515,0.0,687.0
2024-04-03,HZ-Mole-Poblano-250g,CEDI_Bajio,99,773,5,0,23.46,Despejado,8000,11.05,4.605170185988092,103.0,120.0,104.0,7.615773105863919,7.73,0,495,0.0,681.0
2024-04-04,HZ-Mole-Poblano-250g,CEDI_Bajio,103,358,5,0,24.3,Despejado,8000,11.3,4.6443908991413725,99.0,105.0,101.0,3.0000000000000617,3.4423076923076925,0,515,0.0,689.0
2024-04-05,HZ-Mole-Poblano-250g,CEDI_Bajio,99,1384,5,0,23.81,Despejado,8000,10.88,4.605170185988092,103.0,97.0,100.71428571428571,2.627691364061292,13.84,0,495,0.0,686.0
2024-04-06,HZ-Mole-Poblano-250g,CEDI_Bajio,92,1077,5,0,23.86,Despejado,8000,10.17,4.532599493153256,99.0,102.0,101.0,2.2360679774998706,11.580645161290322,0,460,0.0,674.0
2024-04-07,HZ-Mole-Poblano-250g,CEDI_Bajio,89,943,5,0,23.66,Despejado,8000,10.34,4.499809670330265,92.0,98.0,99.57142857142857,3.994043183589959,10.477777777777778,0,445,0.0,682.0
2024-04-08,HZ-Mole-Poblano-250g,CEDI_Bajio,117,1611,5,0,22.84,Despejado,8000,11.04,4.770684624465665,89.0,103.0,98.28571428571429,5.677860093212566,13.652542372881356,0,585,0.0,686.0
2024-04-09,HZ-Mole-Poblano-250g,CEDI_Bajio,88,601,5,0,24.01,Despejado,8000,7.88,4.48863636973214,117.0,103.0,100.28571428571429,9.068522219088159,6.752808988764045,0,440,0.0,689.0
2024-04-10,HZ-Mole-Poblano-250g,CEDI_Bajio,93,999,5,0,23.5,Despejado,8000,10.91,4.543294782270004,88.0,99.0,98.14285714285714,10.040394604273498,10.627659574468085,0,465,0.0,689.0
2024-04-11,HZ-Mole-Poblano-250g,CEDI_Bajio,111,1553,5,0,22.82,Despejado,8000,9.79,4.718498871295094,93.0,103.0,97.28571428571429,10.20970593298827,13.866071428571429,0,555,0.0,695.0
2024-04-12,HZ-Mole-Poblano-250g,CEDI_Bajio,96,1968,5,0,24.52,Despejado,8000,10.79,4.574710978503383,111.0,99.0,98.42857142857143,11.341033798514498,20.288659793814432,0,480,0.0,678.0
2024-04-13,HZ-Mole-Poblano-250g,CEDI_Bajio,80,1107,5,0,24.77,Despejado,8000,10.48,4.394449154672439,96.0,92.0,98.0,11.372481406154682,13.666666666666666,0,400,0.0,682.0
2024-04-14,HZ-Mole-Poblano-250g,CEDI_Bajio,97,1679,5,0,23.65,Despejado,8000,10.7,4.584967478670572,80.0,89.0,96.28571428571429,13.187295473476077,17.132653061224488,0,485,0.0,681.0
2024-04-15,HZ-Mole-Poblano-250g,CEDI_Bajio,121,1929,5,1,24.04,Despejado,8000,10.71,4.804021044733257,97.0,117.0,97.42857142857143,12.79136613575924,15.811475409836065,121,605,0.0,671.0
2024-04-16,HZ-Mole-Poblano-250g,CEDI_Bajio,91,1940,5,1,24.56,Despejado,8000,10.27,4.5217885770490405,121.0,88.0,98.0,13.85640646055104,21.08695652173913,91,455,0.0,669.0
2024-04-17,HZ-Mole-Poblano-250g,CEDI_Bajio,93,1050,5,0,23.29,Despejado,8000,11.14,4.543294782270004,91.0,93.0,98.42857142857143,13.5383054436556,11.170212765957446,0,465,0.0,663.0
2024-04-18,HZ-Mole-Poblano-250g,CEDI_Bajio,117,1162,5,0,24.09,Despejado,8000,12.57,4.770684624465665,93.0,111.0,98.42857142857143,13.5383054436556,9.847457627118644,0,585,0.0,648.0
2024-04-19,HZ-Mole-Poblano-250g,CEDI_Bajio,79,1414,5,0,23.73,Tormenta,8000,12.6,4.382026634673881,117.0,96.0,99.28571428571429,14.614083227196602,17.675,0,395,3.0,657.0
2024-04-20,HZ-Mole-Poblano-250g,CEDI_Bajio,84,1506,5,0,22.22,Despejado,8000,10.4,4.442651256490317,79.0,80.0,96.85714285714286,16.537115542808277,17.71764705882353,0,420,0.0,705.0
2024-04-21,HZ-Mole-Poblano-250g,CEDI_Bajio,96,771,5,1,23.46,Despejado,8000,12.16,4.574710978503383,84.0,97.0,97.42857142857143,15.91495253796614,7.948453608247423,96,480,0.0,706.0
2024-04-22,HZ-Mole-Poblano-250g,CEDI_Bajio,111,136,5,0,23.0,Despejado,8000,11.33,4.718498871295094,96.0,121.0,97.28571428571429,15.92392629257713,1.2142857142857142,0,555,0.0,697.0
2024-03-08,HZ-Mole-Poblano-250g,CEDI_Norte,89,802,3,1,23.73,Despejado,8000,11.01,4.499809670330265,101.0,111.0,98.71428571428571,8.826367424074407,8.911111111111111,89,267,0.0,714.0
2024-03-09,HZ-Mole-Poblano-250g,CEDI_Norte,99,479,3,0,24.31,Despejado,8000,8.02,4.605170185988092,89.0,93.0,95.57142857142857,7.546680127869532,4.79,0,297,0.0,715.0
2024-03-10,HZ-Mole-Poblano-250g,CEDI_Norte,103,1749,3,1,22.72,Despejado,8000,10.23,4.6443908991413725,99.0,105.0,96.42857142857143,7.546680127869532,16.817307692307693,103,309,0.0,709.0
2024-03-11,HZ-Mole-Poblano-250g,CEDI_Norte,109,1001,3,1,24.2,Despejado,8000,10.42,4.700480365792417,103.0,93.0,96.14285714285714,7.197883286739495,9.1,109,327,0.0,693.0
2024-03-12,HZ-Mole-Poblano-250g,CEDI_Norte,102,842,3,0,23.96,Despejado,8000,8.9,4.634728988229636,109.0,103.0,98.42857142857143,8.462803768199262,8.174757281553399,0,306,0.0,684.0
2024-03-13,HZ-Mole-Poblano-250g,CEDI_Norte,87,819,3,0,24.26,Lluvia,8000,11.01,4.477336814478207,102.0,85.0,98.28571428571429,8.380817098475259,9.306818181818182,0,261,0.0,695.0
2024-03-14,HZ-Mole-Poblano-250g,CEDI_Norte,102,1950,3,0,23.21,Despejado,8000,9.2,4.634728988229636,87.0,101.0,98.57142857142857,7.870983480631943,18.932038834951456,0,306,0.0,700.0
2024-03-15,HZ-Mole-Poblano-250g,CEDI_Norte,112,1980,3,0,23.46,Tormenta,8000,10.95,4.727387818712341,102.0,89.0,98.71428571428571,7.931252228038263,17.52212389380531,0,336,3.0,697.0
2024-03-16,HZ-Mole-Poblano-250g,CEDI_Norte,100,1479,3,0,23.4,Tormenta,8000,8.75,4.61512051684126,112.0,99.0,102.0,8.000000000000007,14.643564356435643,0,300,3.0,701.0
2024-03-17,HZ-Mole-Poblano-250g,CEDI_Norte,97,412,3,0,23.37,Despejado,8000,12.1,4.584967478670572,100.0,103.0,102.14285714285714,7.946247991527654,4.204081632653061,0,291,0.0,708.0
2024-03-18,HZ-Mole-Poblano-250g,CEDI_Norte,93,1023,3,0,24.08,Despejado,8000,10.78,4.543294782270004,97.0,109.0,101.28571428571429,8.159131606453512,10.882978723404255,0,279,0.0,727.0
2024-03-19,HZ-Mole-Poblano-250g,CEDI_Norte,93,1574,3,0,23.08,Despejado,8000,11.23,4.543294782270004,93.0,102.0,99.0,7.8740078740118085,16.74468085106383,0,279,0.0,734.0
2024-03-20,HZ-Mole-Poblano-250g,CEDI_Norte,98,203,3,1,24.21,Despejado,8000,10.09,4.59511985013459,93.0,87.0,97.71428571428571,8.035634920242984,2.0505050505050506,98,294,0.0,727.0
2024-03-21,HZ-Mole-Poblano-250g,CEDI_Norte,107,167,3,0,23.16,Despejado,8000,10.27,4.68213122712422,98.0,102.0,99.28571428571429,6.524678426668133,1.5462962962962963,0,321,0.0,711.0
2024-03-22,HZ-Mole-Poblano-250g,CEDI_Norte,109,1278,3,0,23.15,Despejado,8000,10.5,4.700480365792417,107.0,112.0,100.0,7.118052168020873,11.618181818181819,0,327,0.0,694.0
2024-03-23,HZ-Mole-Poblano-250g,CEDI_Norte,104,883,3,0,23.12,Lluvia,8000,10.41,4.653960350157523,109.0,100.0,99.57142857142857,6.320789582985731,8.40952380952381,0,312,0.0,701.0
2024-03-24,HZ-Mole-Poblano-250g,CEDI_Norte,104,1541,3,1,23.83,Lluvia,8000,10.51,4.653960350157523,104.0,97.0,100.14285714285714,6.542898731412845,14.676190476190476,104,312,0.0,698.0
2024-03-25,HZ-Mole-Poblano-250g,CEDI_Norte,112,1524,3,0,23.72,Despejado,8000,10.07,4.727387818712341,104.0,93.0,101.14285714285714,6.517376042257385,13.486725663716815,0,336,0.0,683.0
2024-03-26,HZ-Mole-Poblano-250g,CEDI_Norte,100,997,3,0,24.08,Despejado,8000,12.32,4.61512051684126,112.0,93.0,103.85714285714286,6.517376042257395,9.871287128712872,0,300,0.0,672.0
2024-03-27,HZ-Mole-Poblano-250g,CEDI_Norte,91,496,3,0,23.45,Lluvia,8000,10.92,4.5217885770490405,100.0,98.0,104.85714285714286,4.913538149119979,5.391304347826087,0,273,0.0,677.0
2024-03-28,HZ-Mole-Poblano-250g,CEDI_Norte,91,1459,3,0,23.14,Despejado,8000,10.52,4.5217885770490405,91.0,107.0,103.85714285714286,6.866065623255966,15.858695652173912,0,273,0.0,686.0
2024-03-29,HZ-Mole-Poblano-250g,CEDI_Norte,92,1293,3,1,23.67,Lluvia,8000,11.79,4.532599493153256,91.0,109.0,101.57142857142857,8.182443458550813,13.903225806451612,92,276,0.0,713.0
2024-03-30,HZ-Mole-Poblano-250g,CEDI_Norte,111,939,3,0,22.89,Despejado,8000,10.29,4.718498871295094,92.0,104.0,99.14285714285714,8.132825901423011,8.383928571428571,0,333,0.0,694.0
2024-03-31,HZ-Mole-Poblano-250g,CEDI_Norte,101,1822,3,0,22.83,Despejado,8000,11.35,4.624972813284271,111.0,104.0,100.14285714285714,9.191092996819824,17.862745098039216,0,303,0.0,678.0
2024-04-01,HZ-Mole-Poblano-250g,CEDI_Norte,97,892,3,0,22.89,Despejado,8000,12.19,4.584967478670572,101.0,112.0,99.71428571428571,9.050124966251119,9.10204081632653,0,291,0.0,698.0
2024-04-02,HZ-Mole-Poblano-250g,CEDI_Norte,89,1351,3,0,23.02,Despejado,8000,9.3,4.499809670330265,97.0,100.0,97.57142857142857,7.253898787483001,15.011111111111111,0,267,0.0,706.0
2024-04-03,HZ-Mole-Poblano-250g,CEDI_Norte,96,1958,3,0,23.78,Despejado,8000,8.48,4.574710978503383,89.0,91.0,96.0,7.81024967590663,20.185567010309278,0,288,0.0,721.0
2024-04-04,HZ-Mole-Poblano-250g,CEDI_Norte,100,593,3,1,24.22,Despejado,8000,10.33,4.61512051684126,96.0,91.0,96.71428571428571,7.499206307209777,5.871287128712871,100,300,0.0,715.0
2024-04-05,HZ-Mole-Poblano-250g,CEDI_Norte,119,431,3,0,23.58,Despejado,8000,10.46,4.787491742782046,100.0,92.0,98.0,7.118052168020857,3.591666666666667,0,357,0.0,709.0
2024-04-06,HZ-Mole-Poblano-250g,CEDI_Norte,92,1169,3,0,22.05,Tormenta,8000,11.09,4.532599493153256,119.0,111.0,101.85714285714286,10.04039460427347,12.56989247311828,0,276,3.0,717.0
2024-04-07,HZ-Mole-Poblano-250g,CEDI_Norte,85,230,3,0,23.89,Despejado,8000,11.81,4.454347296253507,92.0,101.0,99.14285714285714,9.719886340703285,2.6744186046511627,0,255,0.0,733.0
2024-04-08,HZ-Mole-Poblano-250g,CEDI_Norte,117,560,3,1,23.83,Despejado,8000,9.74,4.770684624465665,85.0,97.0,96.85714285714286,11.006491591004686,4.745762711864407,117,351,0.0,716.0
2024-04-09,HZ-Mole-Poblano-250g,CEDI_Norte,97,765,3,0,24.32,Despejado,8000,11.81,4.584967478670572,117.0,89.0,99.71428571428571,13.387983240133488,7.8061224489795915,0,291,0.0,732.0
2024-04-10,HZ-Mole-Poblano-250g,CEDI_Norte,111,990,3,1,23.93,Despejado,8000,11.08,4.718498871295094,97.0,96.0,100.85714285714286,12.641579165971466,8.839285714285714,111,333,0.0,716.0
2024-04-11,HZ-Mole-Poblano-250g,CEDI_Norte,94,293,3,0,23.59,Lluvia,8000,11.09,4.553876891600541,111.0,100.0,103.0,12.948616399703361,3.0842105263157893,0,282,0.0,726.0
2024-04-12,HZ-Mole-Poblano-250g,CEDI_Norte,113,1642,3,0,24.03,Tormenta,8000,9.64,4.736198448394496,94.0,119.0,102.14285714285714,13.371967836093681,14.403508771929825,0,339,3.0,714.0
2024-04-13,HZ-Mole-Poblano-250g,CEDI_Norte,100,464,3,1,23.52,Lluvia,8000,11.54,4.61512051684126,113.0,92.0,101.28571428571429,12.257165057144956,4.594059405940594,100,300,0.0,717.0
2024-04-14,HZ-Mole-Poblano-250g,CEDI_Norte,101,1129,3,1,23.61,Tormenta,8000,10.05,4.624972813284271,100.0,85.0,102.42857142857143,11.602544876838348,11.068627450980392,101,303,3.0,711.0
2024-04-15,HZ-Mole-Poblano-250g,CEDI_Norte,100,195,3,0,23.37,Despejado,8000,11.58,4.61512051684126,101.0,117.0,104.71428571428571,8.845230083954599,1.9306930693069306,0,300,0.0,700.0
2024-04-16,HZ-Mole-Poblano-250g,CEDI_Norte,113,1499,3,0,23.07,Despejado,8000,8.93,4.736198448394496,100.0,97.0,102.28571428571429,7.064330251677226,13.149122807017545,0,339,0.0,684.0
2024-04-17,HZ-Mole-Poblano-250g,CEDI_Norte,95,936,3,0,23.17,Lluvia,8000,9.72,4.564348191467836,113.0,111.0,104.57142857142857,7.634508123364236,9.75,0,285,0.0,676.0
2024-04-18,HZ-Mole-Poblano-250g,CEDI_Norte,104,1663,3,0,23.45,Lluvia,8000,8.88,4.653960350157523,95.0,94.0,102.28571428571429,7.782764841072145,15.838095238095239,0,312,0.0,669.0
2024-04-19,HZ-Mole-Poblano-250g,CEDI_Norte,101,296,3,0,23.03,Despejado,8000,10.76,4.624972813284271,104.0,113.0,103.71428571428571,6.872997543873809,2.9019607843137254,0,303,0.0,663.0
2024-04-20,HZ-Mole-Poblano-250g,CEDI_Norte,103,1134,3,0,23.27,Tormenta,8000,10.61,4.6443908991413725,101.0,100.0,102.0,5.537749241945396,10.903846153846153,0,309,3.0,646.0
2024-04-21,HZ-Mole-Poblano-250g,CEDI_Norte,95,833,3,0,23.6,Despejado,8000,10.74,4.564348191467836,103.0,101.0,102.42857142857143,5.472876844254866,8.677083333333334,0,285,0.0,666.0
2024-04-22,HZ-Mole-Poblano-250g,CEDI_Norte,89,1651,3,1,23.42,Lluvia,8000,9.44,4.499809670330265,95.0,100.0,101.57142857142857,6.160550377391707,18.344444444444445,89,267,0.0,680.0
2024-03-08,HZ-Mole-Poblano-250g,CEDI_Occidente,106,209,5,0,24.19,Despejado,8000,11.18,4.672828834461906,100.0,82.0,97.57142857142857,10.01427552475536,1.9532710280373833,0,530,0.0,677.0
2024-03-09,HZ-Mole-Poblano-250g,CEDI_Occidente,86,1309,5,0,22.76,Despejado,8000,10.82,4.465908118654584,106.0,101.0,101.0,7.61577310586391,15.045977011494253,0,430,0.0,678.0
2024-03-10,HZ-Mole-Poblano-250g,CEDI_Occidente,122,935,5,0,23.34,Lluvia,8000,12.58,4.812184355372417,86.0,105.0,98.85714285714286,9.494359227607575,7.6016260162601625,0,610,0.0,657.0
2024-03-11,HZ-Mole-Poblano-250g,CEDI_Occidente,89,731,5,1,22.88,Lluvia,8000,9.81,4.499809670330265,122.0,108.0,101.28571428571429,12.893335303097308,8.122222222222222,89,445,0.0,668.0
2024-03-12,HZ-Mole-Poblano-250g,CEDI_Occidente,81,586,5,0,23.62,Tormenta,8000,9.53,4.406719247264253,89.0,102.0,98.57142857142857,13.239551136111611,7.146341463414634,0,405,3.0,684.0
2024-03-13,HZ-Mole-Poblano-250g,CEDI_Occidente,101,1699,5,1,23.26,Despejado,8000,10.17,4.624972813284271,81.0,85.0,95.57142857142857,14.638501094227994,16.65686274509804,101,505,0.0,687.0
2024-03-14,HZ-Mole-Poblano-250g,CEDI_Occidente,107,1255,5,0,23.36,Tormenta,8000,9.5,4.68213122712422,101.0,100.0,97.85714285714286,13.945472042071234,11.62037037037037,0,535,3.0,689.0
2024-03-15,HZ-Mole-Poblano-250g,CEDI_Occidente,91,276,5,0,23.64,Despejado,8000,10.8,4.5217885770490405,107.0,106.0,98.85714285714286,14.369279400032227,3.0,0,455,0.0,684.0
2024-03-16,HZ-Mole-Poblano-250g,CEDI_Occidente,87,1522,5,0,24.65,Despejado,8000,9.99,4.477336814478207,91.0,86.0,96.71428571428571,14.244464254746891,17.295454545454547,0,435,0.0,702.0
2024-03-17,HZ-Mole-Poblano-250g,CEDI_Occidente,101,108,5,1,22.73,Despejado,8000,9.01,4.624972813284271,87.0,122.0,96.85714285714286,14.123604018669969,1.0588235294117647,101,505,0.0,707.0
2024-03-18,HZ-Mole-Poblano-250g,CEDI_Occidente,100,1083,5,0,24.53,Despejado,8000,11.32,4.61512051684126,101.0,89.0,93.85714285714286,9.299257522845062,10.722772277227723,0,500,0.0,708.0
2024-03-19,HZ-Mole-Poblano-250g,CEDI_Occidente,97,244,5,0,23.58,Despejado,8000,11.14,4.584967478670572,100.0,81.0,95.42857142857143,9.271050693011066,2.489795918367347,0,485,0.0,713.0
2024-03-20,HZ-Mole-Poblano-250g,CEDI_Occidente,104,1963,5,1,22.2,Lluvia,8000,10.7,4.653960350157523,97.0,101.0,97.71428571428571,6.750661343263233,18.695238095238096,104,520,0.0,708.0
2024-03-21,HZ-Mole-Poblano-250g,CEDI_Occidente,109,453,5,0,23.25,Tormenta,8000,8.83,4.700480365792417,104.0,107.0,98.14285714285714,7.0811621322249865,4.118181818181818,0,545,3.0,697.0
2024-03-22,HZ-Mole-Poblano-250g,CEDI_Occidente,86,763,5,1,23.93,Lluvia,8000,11.46,4.465908118654584,109.0,91.0,98.42857142857143,7.5245629520290125,8.770114942528735,86,430,0.0,731.0
2024-03-23,HZ-Mole-Poblano-250g,CEDI_Occidente,105,397,5,0,23.55,Despejado,8000,9.92,4.663439094112067,86.0,87.0,97.71428571428571,8.518886580500327,3.7452830188679247,0,525,0.0,725.0
2024-03-24,HZ-Mole-Poblano-250g,CEDI_Occidente,106,507,5,0,23.88,Despejado,8000,11.1,4.672828834461906,105.0,101.0,100.28571428571429,7.387247699341645,4.738317757009346,0,530,0.0,735.0
2024-03-25,HZ-Mole-Poblano-250g,CEDI_Occidente,101,432,5,0,23.77,Lluvia,8000,11.73,4.624972813284271,106.0,100.0,101.0,7.702813338860885,4.235294117647059,0,505,0.0,745.0
2024-03-26,HZ-Mole-Poblano-250g,CEDI_Occidente,102,1625,5,0,23.73,Despejado,8000,11.01,4.634728988229636,101.0,97.0,101.14285714285714,7.690439333539858,15.776699029126213,0,510,0.0,755.0
2024-03-27,HZ-Mole-Poblano-250g,CEDI_Occidente,99,1466,5,0,24.14,Despejado,8000,11.59,4.605170185988092,102.0,104.0,101.85714285714286,7.470577207252705,14.66,0,495,0.0,752.0
2024-03-28,HZ-Mole-Poblano-250g,CEDI_Occidente,98,1866,5,0,23.84,Despejado,8000,10.44,4.59511985013459,99.0,109.0,101.14285714285714,7.470577207252705,18.848484848484848,0,490,0.0,752.0
2024-03-29,HZ-Mole-Poblano-250g,CEDI_Occidente,120,1894,5,0,22.99,Despejado,8000,11.73,4.795790545596741,98.0,86.0,99.57142857142857,6.654751256486908,15.652892561983471,0,600,0.0,752.0
2024-03-30,HZ-Mole-Poblano-250g,CEDI_Occidente,99,500,5,0,24.35,Lluvia,8000,12.4,4.605170185988092,120.0,105.0,104.42857142857143,7.457817885886422,5.0,0,495,0.0,758.0
2024-03-31,HZ-Mole-Poblano-250g,CEDI_Occidente,116,1988,5,0,23.76,Despejado,8000,9.93,4.762173934797756,99.0,106.0,103.57142857142857,7.721337165222579,16.99145299145299,0,580,0.0,745.0
2024-04-01,HZ-Mole-Poblano-250g,CEDI_Occidente,111,1326,5,1,23.28,Despejado,8000,9.71,4.718498871295094,116.0,101.0,105.0,9.055385138137405,11.839285714285714,111,555,0.0,723.0
2024-04-02,HZ-Mole-Poblano-250g,CEDI_Occidente,112,897,5,0,23.5,Despejado,8000,11.76,4.727387818712341,111.0,102.0,106.42857142857143,9.107819769427845,7.938053097345133,0,560,0.0,700.0
2024-04-03,HZ-Mole-Poblano-250g,CEDI_Occidente,96,1409,5,0,23.33,Despejado,8000,10.25,4.574710978503383,112.0,99.0,107.85714285714286,9.081640296564832,14.525773195876289,0,480,0.0,717.0
2024-04-04,HZ-Mole-Poblano-250g,CEDI_Occidente,98,1876,5,1,24.15,Despejado,8000,9.21,4.59511985013459,96.0,98.0,107.42857142857143,9.62387903181702,18.949494949494948,98,490,0.0,724.0
2024-04-05,HZ-Mole-Poblano-250g,CEDI_Occidente,120,975,5,1,23.24,Lluvia,8000,10.74,4.795790545596741,98.0,120.0,107.42857142857143,9.62387903181702,8.057851239669422,120,600,0.0,702.0
2024-04-06,HZ-Mole-Poblano-250g,CEDI_Occidente,105,1581,5,0,24.0,Despejado,8000,10.21,4.663439094112067,120.0,99.0,107.42857142857143,9.62387903181702,14.915094339622641,0,525,0.0,689.0
2024-04-07,HZ-Mole-Poblano-250g,CEDI_Occidente,103,203,5,0,23.86,Lluvia,8000,10.62,4.6443908991413725,105.0,116.0,108.28571428571429,8.994707438530813,1.9519230769230769,0,515,0.0,686.0
2024-04-08,HZ-Mole-Poblano-250g,CEDI_Occidente,89,1555,5,0,23.93,Despejado,8000,8.54,4.499809670330265,103.0,111.0,106.42857142857143,8.462803768199247,17.27777777777778,0,445,0.0,698.0
2024-04-09,HZ-Mole-Poblano-250g,CEDI_Occidente,89,1683,5,0,23.37,Lluvia,8000,11.54,4.499809670330265,89.0,112.0,103.28571428571429,10.355582805332359,18.7,0,445,0.0,702.0
2024-04-10,HZ-Mole-Poblano-250g,CEDI_Occidente,113,970,5,0,24.13,Despejado,8000,11.19,4.736198448394496,89.0,96.0,100.0,10.770329614269018,8.508771929824562,0,565,0.0,701.0
2024-04-11,HZ-Mole-Poblano-250g,CEDI_Occidente,105,984,5,0,23.94,Despejado,8000,11.45,4.663439094112067,113.0,98.0,102.42857142857143,11.602544876838342,9.283018867924529,0,525,0.0,693.0
2024-04-12,HZ-Mole-Poblano-250g,CEDI_Occidente,98,610,5,0,23.58,Despejado,8000,13.34,4.59511985013459,105.0,120.0,103.42857142857143,11.457997830586034,6.161616161616162,0,490,0.0,686.0
2024-04-13,HZ-Mole-Poblano-250g,CEDI_Occidente,92,1407,5,0,23.75,Despejado,8000,10.54,4.532599493153256,98.0,105.0,100.28571428571429,8.88283524021256,15.129032258064516,0,460,0.0,694.0
2024-04-14,HZ-Mole-Poblano-250g,CEDI_Occidente,100,162,5,0,23.39,Despejado,8000,11.94,4.61512051684126,92.0,103.0,98.42857142857143,9.089502055616027,1.603960396039604,0,500,0.0,692.0
2024-04-15,HZ-Mole-Poblano-250g,CEDI_Occidente,101,288,5,0,23.01,Despejado,8000,10.05,4.624972813284271,100.0,89.0,98.0,8.906926143924947,2.823529411764706,0,505,0.0,681.0
2024-04-16,HZ-Mole-Poblano-250g,CEDI_Occidente,93,1303,5,0,23.12,Lluvia,8000,11.38,4.543294782270004,101.0,89.0,99.71428571428571,7.994045402971025,13.861702127659575,0,465,0.0,693.0
2024-04-17,HZ-Mole-Poblano-250g,CEDI_Occidente,112,1896,5,0,22.97,Despejado,8000,10.15,4.727387818712341,93.0,113.0,100.28571428571429,7.204495950776996,16.778761061946902,0,560,0.0,703.0
2024-04-18,HZ-Mole-Poblano-250g,CEDI_Occidente,97,1653,5,0,23.85,Despejado,8000,11.22,4.584967478670572,112.0,105.0,100.14285714285714,6.914443130833029,16.867346938775512,0,485,0.0,728.0
2024-04-19,HZ-Mole-Poblano-250g,CEDI_Occidente,91,1292,5,0,24.25,Despejado,8000,12.62,4.5217885770490405,97.0,98.0,99.0,6.633249580710821,14.043478260869565,0,455,0.0,737.0
2024-04-20,HZ-Mole-Poblano-250g,CEDI_Occidente,100,766,5,1,23.57,Despejado,8000,9.37,4.61512051684126,91.0,92.0,98.0,7.3029674334022365,7.584158415841584,100,500,0.0,735.0
2024-04-21,HZ-Mole-Poblano-250g,CEDI_Occidente,98,1846,5,0,23.07,Despejado,8000,11.78,4.59511985013459,100.0,100.0,99.14285714285714,6.817344825970795,18.646464646464647,0,490,0.0,737.0
2024-04-22,HZ-Mole-Poblano-250g,CEDI_Occidente,90,505,5,0,23.51,Lluvia,8000,10.87,4.51085950651685,98.0,101.0,98.85714285714286,6.817344825970795,5.549450549450549,0,450,0.0,740.0
2024-03-08,HZ-Mole-Poblano-250g,CEDI_Sur,91,1093,5,1,23.31,Lluvia,8000,9.33,4.5217885770490405,92.0,97.0,101.28571428571429,12.106668764421887,11.880434782608695,91,455,0.0,745.0
2024-03-09,HZ-Mole-Poblano-250g,CEDI_Sur,109,1609,5,1,24.12,Despejado,8000,10.99,4.700480365792417,91.0,92.0,100.42857142857143,12.660399452059728,14.627272727272727,109,545,0.0,729.0
2024-03-10,HZ-Mole-Poblano-250g,CEDI_Sur,89,1851,5,0,23.42,Despejado,8000,9.35,4.499809670330265,109.0,90.0,102.85714285714286,12.401996767034085,20.566666666666666,0,445,0.0,755.0
2024-03-11,HZ-Mole-Poblano-250g,CEDI_Sur,123,1191,5,0,24.16,Despejado,8000,10.92,4.820281565605037,89.0,119.0,102.71428571428571,12.579272444704236,9.60483870967742,0,615,0.0,723.0
2024-03-12,HZ-Mole-Poblano-250g,CEDI_Sur,115,1509,5,0,22.97,Despejado,8000,10.19,4.7535901911063645,123.0,102.0,103.28571428571429,13.49955907569189,13.008620689655173,0,575,0.0,710.0
2024-03-13,HZ-Mole-Poblano-250g,CEDI_Sur,105,832,5,0,23.09,Despejado,8000,10.7,4.663439094112067,115.0,117.0,105.14285714285714,14.170727709243582,7.849056603773585,0,525,0.0,705.0
2024-03-14,HZ-Mole-Poblano-250g,CEDI_Sur,99,753,5,0,23.49,Despejado,8000,12.27,4.605170185988092,105.0,92.0,103.42857142857143,13.189100839419684,7.53,0,495,0.0,711.0
2024-03-15,HZ-Mole-Poblano-250g,CEDI_Sur,105,1333,5,1,23.69,Despejado,8000,9.73,4.663439094112067,99.0,91.0,104.42857142857143,12.421180068162379,12.575471698113208,105,525,0.0,724.0
2024-03-16,HZ-Mole-Poblano-250g,CEDI_Sur,93,263,5,0,23.28,Despejado,8000,8.29,4.543294782270004,105.0,109.0,106.42857142857143,10.937049310442362,2.797872340425532,0,465,0.0,734.0
2024-03-17,HZ-Mole-Poblano-250g,CEDI_Sur,115,219,5,0,22.19,Tormenta,8000,9.28,4.7535901911063645,93.0,89.0,104.14285714285714,11.936339073442515,1.8879310344827587,0,575,3.0,715.0
2024-03-18,HZ-Mole-Poblano-250g,CEDI_Sur,91,1476,5,0,23.07,Lluvia,8000,10.84,4.5217885770490405,115.0,123.0,107.85714285714286,10.383136511166748,16.043478260869566,0,455,0.0,726.0
2024-03-19,HZ-Mole-Poblano-250g,CEDI_Sur,102,422,5,0,23.84,Despejado,8000,11.18,4.634728988229636,91.0,115.0,103.28571428571429,9.621404708847273,4.097087378640777,0,510,0.0,720.0
2024-03-20,HZ-Mole-Poblano-250g,CEDI_Sur,100,270,5,0,23.87,Despejado,8000,8.87,4.61512051684126,102.0,105.0,101.42857142857143,8.121107126025414,2.6732673267326734,0,500,0.0,715.0
2024-03-21,HZ-Mole-Poblano-250g,CEDI_Sur,105,608,5,0,23.22,Lluvia,8000,10.84,4.663439094112067,100.0,99.0,100.71428571428571,7.9731692927861735,5.735849056603773,0,525,0.0,697.0
2024-03-22,HZ-Mole-Poblano-250g,CEDI_Sur,118,872,5,0,23.49,Tormenta,8000,10.35,4.77912349311153,105.0,105.0,101.57142857142857,8.07995756707386,7.3277310924369745,0,590,3.0,675.0
2024-03-23,HZ-Mole-Poblano-250g,CEDI_Sur,103,693,5,0,23.95,Lluvia,8000,11.77,4.6443908991413725,118.0,93.0,103.42857142857143,10.21203771466372,6.663461538461538,0,515,0.0,662.0
2024-03-24,HZ-Mole-Poblano-250g,CEDI_Sur,96,937,5,1,23.5,Despejado,8000,9.22,4.574710978503383,103.0,115.0,104.85714285714286,9.154754164341272,9.65979381443299,96,480,0.0,652.0
2024-03-25,HZ-Mole-Poblano-250g,CEDI_Sur,102,1279,5,0,24.12,Despejado,8000,9.62,4.634728988229636,96.0,91.0,102.14285714285714,8.434622525214568,12.41747572815534,0,510,0.0,644.0
2024-03-26,HZ-Mole-Poblano-250g,CEDI_Sur,96,1437,5,0,23.77,Lluvia,8000,10.7,4.574710978503383,102.0,102.0,103.71428571428571,6.897204402613317,14.814432989690722,0,480,0.0,656.0
2024-03-27,HZ-Mole-Poblano-250g,CEDI_Sur,95,503,5,0,23.34,Despejado,8000,9.53,4.564348191467836,96.0,100.0,102.85714285714286,7.492853738253338,5.239583333333333,0,475,0.0,668.0
2024-03-28,HZ-Mole-Poblano-250g,CEDI_Sur,87,844,5,0,24.31,Despejado,8000,11.42,4.477336814478207,95.0,105.0,102.14285714285714,8.029706749078093,9.590909090909092,0,435,0.0,679.0
2024-03-29,HZ-Mole-Poblano-250g,CEDI_Sur,96,1390,5,1,24.01,Despejado,8000,11.25,4.574710978503383,87.0,118.0,99.57142857142857,9.675693650537266,14.329896907216495,96,480,0.0,683.0
2024-03-30,HZ-Mole-Poblano-250g,CEDI_Sur,90,1591,5,0,23.33,Despejado,8000,11.08,4.51085950651685,96.0,103.0,96.42857142857143,5.25538272812236,17.483516483516482,0,450,0.0,695.0
2024-03-31,HZ-Mole-Poblano-250g,CEDI_Sur,86,1985,5,0,23.35,Lluvia,8000,11.81,4.465908118654584,90.0,96.0,94.57142857142857,4.825527358301188,22.816091954022987,0,430,0.0,712.0
2024-04-01,HZ-Mole-Poblano-250g,CEDI_Sur,94,1505,5,0,23.77,Despejado,8000,11.34,4.553876891600541,86.0,102.0,93.14285714285714,5.727959829600986,15.842105263157896,0,470,0.0,733.0
2024-04-02,HZ-Mole-Poblano-250g,CEDI_Sur,108,902,5,0,23.79,Despejado,8000,10.09,4.6913478822291435,94.0,96.0,92.0,4.281744192888212,8.275229357798166,0,540,0.0,713.0
2024-04-03,HZ-Mole-Poblano-250g,CEDI_Sur,107,1610,5,0,23.22,Lluvia,8000,12.44,4.68213122712422,108.0,95.0,93.71428571428571,7.409774753982789,14.907407407407407,0,535,0.0,693.0
2024-04-04,HZ-Mole-Poblano-250g,CEDI_Sur,98,1872,5,0,24.09,Despejado,8000,10.29,4.59511985013459,107.0,87.0,95.42857142857143,8.97881103593603,18.90909090909091,0,490,0.0,694.0
2024-04-05,HZ-Mole-Poblano-250g,CEDI_Sur,100,429,5,0,24.39,Despejado,8000,10.8,4.61512051684126,98.0,96.0,97.0,8.1853527718724,4.247524752475248,0,500,0.0,700.0
2024-04-06,HZ-Mole-Poblano-250g,CEDI_Sur,102,728,5,1,23.35,Tormenta,8000,8.92,4.634728988229636,100.0,90.0,97.57142857142857,8.243323416703983,7.067961165048544,102,510,3.0,700.0
2024-04-07,HZ-Mole-Poblano-250g,CEDI_Sur,103,1592,5,0,23.16,Tormenta,8000,9.07,4.6443908991413725,102.0,86.0,99.28571428571429,7.631388814501249,15.307692307692308,0,515,3.0,690.0
2024-04-08,HZ-Mole-Poblano-250g,CEDI_Sur,115,1852,5,0,23.94,Tormenta,8000,10.49,4.7535901911063645,103.0,94.0,101.71428571428571,4.923220007078206,15.96551724137931,0,575,3.0,673.0
2024-04-09,HZ-Mole-Poblano-250g,CEDI_Sur,88,1631,5,0,23.31,Despejado,8000,8.77,4.48863636973214,115.0,108.0,104.71428571428571,5.765248931147341,18.325842696629213,0,440,0.0,687.0
2024-04-10,HZ-Mole-Poblano-250g,CEDI_Sur,87,1099,5,0,23.7,Despejado,8000,9.54,4.477336814478207,88.0,107.0,101.85714285714286,8.275034167675106,12.488636363636363,0,435,0.0,693.0
2024-04-11,HZ-Mole-Poblano-250g,CEDI_Sur,99,172,5,0,23.66,Despejado,8000,10.02,4.605170185988092,87.0,98.0,99.0,9.556847457887615,1.72,0,495,0.0,690.0
2024-04-12,HZ-Mole-Poblano-250g,CEDI_Sur,106,751,5,0,23.03,Lluvia,8000,11.62,4.672828834461906,99.0,100.0,99.14285714285714,9.546876826630625,7.018691588785047,0,530,0.0,697.0
2024-04-13,HZ-Mole-Poblano-250g,CEDI_Sur,102,698,5,1,23.69,Lluvia,8000,11.19,4.634728988229636,106.0,102.0,100.0,9.899494936611653,6.776699029126213,102,510,0.0,697.0
2024-04-14,HZ-Mole-Poblano-250g,CEDI_Sur,93,1417,5,0,23.82,Lluvia,8000,10.75,4.543294782270004,102.0,103.0,100.0,9.899494936611653,15.074468085106384,0,465,0.0,698.0
2024-04-15,HZ-Mole-Poblano-250g,CEDI_Sur,98,502,5,0,24.2,Despejado,8000,10.87,4.59511985013459,93.0,115.0,98.57142857142857,10.113640011673041,5.070707070707071,0,490,0.0,714.0
2024-04-16,HZ-Mole-Poblano-250g,CEDI_Sur,102,1492,5,0,23.07,Despejado,8000,11.73,4.634728988229636,98.0,88.0,96.14285714285714,7.10465977202215,14.485436893203884,0,510,0.0,721.0
2024-04-17,HZ-Mole-Poblano-250g,CEDI_Sur,93,328,5,0,23.88,Despejado,8000,9.65,4.543294782270004,102.0,87.0,98.14285714285714,6.362090102803484,3.4893617021276597,0,465,0.0,724.0
2024-04-18,HZ-Mole-Poblano-250g,CEDI_Sur,96,1284,5,0,23.55,Despejado,8000,10.81,4.574710978503383,93.0,99.0,99.0,4.830458915396446,13.237113402061855,0,480,0.0,730.0
2024-04-19,HZ-Mole-Poblano-250g,CEDI_Sur,113,1455,5,0,23.3,Despejado,8000,10.68,4.736198448394496,96.0,106.0,98.57142857142857,4.961758520831828,12.763157894736842,0,565,0.0,727.0
2024-04-20,HZ-Mole-Poblano-250g,CEDI_Sur,102,1469,5,0,22.71,Lluvia,8000,11.58,4.634728988229636,113.0,102.0,99.57142857142857,6.996597812678722,14.262135922330097,0,510,0.0,717.0
2024-04-21,HZ-Mole-Poblano-250g,CEDI_Sur,94,1233,5,0,23.34,Despejado,8000,8.91,4.553876891600541,102.0,93.0,99.57142857142857,6.996597812678722,12.978947368421053,0,470,0.0,726.0
2024-04-22,HZ-Mole-Poblano-250g,CEDI_Sur,114,219,5,0,23.78,Lluvia,8000,10.16,4.74493212836325,94.0,98.0,99.71428571428571,6.848705126136009,1.9043478260869566,0,570,0.0,705.0
2024-03-08,HZ-Salsa-Roja-200g,CEDI_Bajio,173,1934,5,0,23.64,Despejado,15000,12.96,5.159055299214529,182.0,226.0,200.57142857142858,16.949504838953686,11.114942528735632,0,865,0.0,1360.0
2024-03-09,HZ-Salsa-Roja-200g,CEDI_Bajio,210,1236,5,0,22.87,Lluvia,15000,11.94,5.351858133476067,173.0,220.0,193.0,15.470401847829732,5.85781990521327,0,1050,0.0,1334.0
2024-03-10,HZ-Salsa-Roja-200g,CEDI_Bajio,204,940,5,0,24.02,Despejado,15000,10.2,5.3230099791384085,210.0,184.0,191.57142857142858,12.791366135759223,4.585365853658536,0,1020,0.0,1309.0
2024-03-11,HZ-Salsa-Roja-200g,CEDI_Bajio,181,1424,5,1,23.23,Despejado,15000,11.01,5.204006687076795,204.0,194.0,194.42857142857142,13.049356853336276,7.824175824175824,181,905,0.0,1317.0
2024-03-12,HZ-Salsa-Roja-200g,CEDI_Bajio,192,1478,5,0,23.28,Tormenta,15000,9.96,5.262690188904886,181.0,195.0,192.57142857142858,14.010200365651967,7.658031088082901,0,960,3.0,1315.0
2024-03-13,HZ-Salsa-Roja-200g,CEDI_Bajio,187,1455,5,0,23.98,Despejado,15000,10.45,5.236441962829949,192.0,203.0,192.14285714285714,13.969354213522449,7.73936170212766,0,935,0.0,1331.0
2024-03-14,HZ-Salsa-Roja-200g,CEDI_Bajio,204,1646,5,1,23.76,Despejado,15000,9.64,5.3230099791384085,187.0,182.0,189.85714285714286,13.183683999911565,8.029268292682927,204,1020,0.0,1313.0
2024-03-15,HZ-Salsa-Roja-200g,CEDI_Bajio,182,1073,5,0,23.89,Despejado,15000,11.07,5.209486152841421,204.0,173.0,193.0,13.613718571108096,5.863387978142076,0,910,0.0,1328.0
2024-03-16,HZ-Salsa-Roja-200g,CEDI_Bajio,184,582,5,0,24.32,Despejado,15000,11.24,5.220355825078324,182.0,210.0,194.28571428571428,11.700630833624395,3.145945945945946,0,920,0.0,1331.0
2024-03-17,HZ-Salsa-Roja-200g,CEDI_Bajio,179,1507,5,0,23.5,Tormenta,15000,10.02,5.19295685089021,184.0,204.0,190.57142857142858,9.863352081605646,8.372222222222222,0,895,3.0,1334.0
2024-03-18,HZ-Salsa-Roja-200g,CEDI_Bajio,189,371,5,0,22.7,Despejado,15000,9.74,5.247024072160486,179.0,181.0,187.0,8.640987597877158,1.9526315789473685,0,945,0.0,1363.0
2024-03-19,HZ-Salsa-Roja-200g,CEDI_Bajio,190,1677,5,1,23.84,Despejado,15000,11.09,5.25227342804663,189.0,192.0,188.14285714285714,8.234653836654218,8.780104712041885,190,950,0.0,1377.0
2024-03-20,HZ-Salsa-Roja-200g,CEDI_Bajio,203,996,5,0,23.96,Despejado,15000,10.03,5.318119993844216,190.0,187.0,187.85714285714286,8.11230693511556,4.882352941176471,0,1015,0.0,1397.0
2024-03-21,HZ-Salsa-Roja-200g,CEDI_Bajio,186,1638,5,0,24.12,Despejado,15000,8.98,5.231108616854587,203.0,204.0,190.14285714285714,9.889869756954539,8.759358288770054,0,930,0.0,1417.0
2024-03-22,HZ-Salsa-Roja-200g,CEDI_Bajio,197,1325,5,0,23.3,Despejado,15000,11.9,5.288267030694535,186.0,182.0,187.57142857142858,7.8072005835882745,6.691919191919192,0,985,0.0,1393.0
2024-03-23,HZ-Salsa-Roja-200g,CEDI_Bajio,187,567,5,0,23.75,Despejado,15000,10.54,5.236441962829949,197.0,184.0,189.71428571428572,8.077010290825157,3.015957446808511,0,935,0.0,1410.0
2024-03-24,HZ-Salsa-Roja-200g,CEDI_Bajio,182,1121,5,0,23.68,Despejado,15000,8.4,5.209486152841421,187.0,179.0,190.14285714285714,7.7980461533338,6.1256830601092895,0,910,0.0,1419.0
2024-03-25,HZ-Salsa-Roja-200g,CEDI_Bajio,218,1624,5,1,23.06,Despejado,15000,11.46,5.389071729816501,182.0,189.0,190.57142857142858,7.13809364973459,7.415525114155251,218,1090,0.0,1406.0
2024-03-26,HZ-Salsa-Roja-200g,CEDI_Bajio,204,677,5,0,23.61,Despejado,15000,12.21,5.3230099791384085,218.0,190.0,194.71428571428572,12.486182839633672,3.3024390243902437,0,1020,0.0,1416.0
2024-03-27,HZ-Salsa-Roja-200g,CEDI_Bajio,223,1219,5,0,22.64,Tormenta,15000,10.86,5.4116460518550396,204.0,203.0,196.71428571428572,12.72418020560706,5.441964285714286,0,1115,3.0,1395.0
2024-03-28,HZ-Salsa-Roja-200g,CEDI_Bajio,206,976,5,0,23.61,Lluvia,15000,11.78,5.332718793265369,223.0,186.0,199.57142857142858,16.15402058165031,4.714975845410628,0,1030,0.0,1380.0
2024-03-29,HZ-Salsa-Roja-200g,CEDI_Bajio,173,1115,5,0,23.5,Despejado,15000,9.91,5.159055299214529,206.0,197.0,202.42857142857142,15.087049003004157,6.408045977011494,0,865,0.0,1378.0
2024-03-30,HZ-Salsa-Roja-200g,CEDI_Bajio,204,1704,5,0,23.75,Despejado,15000,11.06,5.3230099791384085,173.0,187.0,199.0,18.797162906495604,8.31219512195122,0,1020,0.0,1387.0
2024-03-31,HZ-Salsa-Roja-200g,CEDI_Bajio,191,1148,5,0,23.05,Despejado,15000,10.44,5.2574953720277815,204.0,182.0,201.42857142857142,18.072604893015523,5.979166666666667,0,955,0.0,1383.0
2024-04-01,HZ-Salsa-Roja-200g,CEDI_Bajio,205,286,5,0,23.4,Lluvia,15000,12.31,5.327876168789581,191.0,218.0,202.71428571428572,16.7303545062489,1.3883495145631068,0,1025,0.0,1411.0
2024-04-02,HZ-Salsa-Roja-200g,CEDI_Bajio,214,603,5,0,22.97,Despejado,15000,9.44,5.3706380281276624,205.0,204.0,200.85714285714286,15.42107401608347,2.8046511627906976,0,1070,0.0,1403.0
2024-04-03,HZ-Salsa-Roja-200g,CEDI_Bajio,202,637,5,0,23.1,Lluvia,15000,8.59,5.313205979041787,214.0,223.0,202.28571428571428,16.204055929656302,3.1379310344827585,0,1010,0.0,1441.0
2024-04-04,HZ-Salsa-Roja-200g,CEDI_Bajio,191,850,5,0,23.26,Despejado,15000,11.13,5.2574953720277815,202.0,206.0,199.28571428571428,13.437686875777,4.427083333333333,0,955,0.0,1441.0
2024-04-05,HZ-Salsa-Roja-200g,CEDI_Bajio,171,1243,5,0,23.82,Despejado,15000,8.88,5.147494476813453,191.0,173.0,197.14285714285714,13.3844259175677,7.226744186046512,0,855,0.0,1472.0
2024-04-06,HZ-Salsa-Roja-200g,CEDI_Bajio,213,1284,5,0,23.05,Lluvia,15000,11.09,5.365976015021851,171.0,204.0,196.85714285714286,13.993195625357515,6.0,0,1065,0.0,1430.0
2024-04-07,HZ-Salsa-Roja-200g,CEDI_Bajio,187,1431,5,0,23.54,Despejado,15000,11.55,5.236441962829949,213.0,191.0,198.14285714285714,15.126451130702291,7.611702127659575,0,935,0.0,1426.0
2024-04-08,HZ-Salsa-Roja-200g,CEDI_Bajio,233,1844,5,0,23.23,Despejado,15000,9.85,5.455321115357702,187.0,205.0,197.57142857142858,15.511900193691567,7.880341880341881,0,1165,0.0,1391.0
2024-04-09,HZ-Salsa-Roja-200g,CEDI_Bajio,206,1527,5,0,23.98,Despejado,15000,10.86,5.332718793265369,233.0,214.0,201.57142857142858,20.541479521991143,7.3768115942028984,0,1030,0.0,1364.0
2024-04-10,HZ-Salsa-Roja-200g,CEDI_Bajio,240,1247,5,0,23.86,Despejado,15000,10.61,5.484796933490655,206.0,202.0,200.42857142857142,19.948743843971272,5.174273858921162,0,1200,0.0,1329.0
2024-04-11,HZ-Salsa-Roja-200g,CEDI_Bajio,191,464,5,0,23.64,Despejado,15000,10.28,5.2574953720277815,240.0,191.0,205.85714285714286,24.982851261272348,2.4166666666666665,0,955,0.0,1336.0
2024-04-12,HZ-Salsa-Roja-200g,CEDI_Bajio,202,1553,5,0,23.04,Despejado,15000,11.17,5.313205979041787,191.0,171.0,205.85714285714286,24.982851261272348,7.650246305418719,0,1010,0.0,1329.0
2024-04-13,HZ-Salsa-Roja-200g,CEDI_Bajio,171,231,5,0,23.14,Lluvia,15000,11.97,5.147494476813453,202.0,213.0,210.28571428571428,20.030928466701063,1.3430232558139534,0,855,0.0,1342.0
2024-04-14,HZ-Salsa-Roja-200g,CEDI_Bajio,183,549,5,0,22.86,Lluvia,15000,11.76,5.214935757608986,171.0,187.0,204.28571428571428,24.803993534068173,2.983695652173913,0,915,0.0,1347.0
2024-04-15,HZ-Salsa-Roja-200g,CEDI_Bajio,198,634,5,0,23.11,Despejado,15000,9.76,5.293304824724492,183.0,233.0,203.71428571428572,25.309512610309767,3.185929648241206,0,990,0.0,1333.0
2024-04-16,HZ-Salsa-Roja-200g,CEDI_Bajio,179,1487,5,1,22.79,Despejado,15000,11.91,5.19295685089021,198.0,206.0,198.71428571428572,21.769353731904005,8.261111111111111,179,895,0.0,1337.0
2024-04-17,HZ-Salsa-Roja-200g,CEDI_Bajio,205,844,5,0,24.22,Despejado,15000,9.5,5.327876168789581,179.0,240.0,194.85714285714286,22.637936974825948,4.097087378640777,0,1025,0.0,1330.0
2024-04-18,HZ-Salsa-Roja-200g,CEDI_Bajio,198,918,5,0,22.05,Despejado,15000,10.48,5.293304824724492,205.0,191.0,189.85714285714286,12.681069505744613,4.613065326633166,0,990,0.0,1320.0
2024-04-19,HZ-Salsa-Roja-200g,CEDI_Bajio,195,1517,5,1,23.24,Lluvia,15000,11.35,5.278114659230517,198.0,202.0,190.85714285714286,13.056653111582326,7.739795918367347,195,975,0.0,1330.0
2024-04-20,HZ-Salsa-Roja-200g,CEDI_Bajio,184,1808,5,0,22.67,Despejado,15000,10.05,5.220355825078324,195.0,171.0,189.85714285714286,12.30756639129737,9.772972972972973,0,920,0.0,1355.0
2024-04-21,HZ-Salsa-Roja-200g,CEDI_Bajio,188,1768,5,0,23.65,Tormenta,15000,9.26,5.241747015059643,184.0,183.0,191.71428571428572,9.69044694040289,9.354497354497354,0,940,3.0,1371.0
2024-04-22,HZ-Salsa-Roja-200g,CEDI_Bajio,184,1129,5,0,23.33,Despejado,15000,8.63,5.220355825078324,188.0,198.0,192.42857142857142,9.107819769427957,6.102702702702703,0,920,0.0,1397.0
2024-03-08,HZ-Salsa-Roja-200g,CEDI_Norte,210,52,3,0,23.89,Lluvia,15000,10.05,5.351858133476067,193.0,204.0,202.0,10.279429296739517,0.24644549763033174,0,630,0.0,1382.0
2024-03-09,HZ-Salsa-Roja-200g,CEDI_Norte,198,1358,3,1,24.15,Despejado,15000,10.61,5.293304824724492,210.0,200.0,202.85714285714286,10.714920616109286,6.824120603015075,198,594,0.0,1385.0
2024-03-10,HZ-Salsa-Roja-200g,CEDI_Norte,191,1716,3,0,24.19,Despejado,15000,11.28,5.2574953720277815,198.0,210.0,202.57142857142858,10.829852920779409,8.9375,0,573,0.0,1403.0
2024-03-11,HZ-Salsa-Roja-200g,CEDI_Norte,199,392,3,0,23.37,Tormenta,15000,10.89,5.298317366548036,191.0,202.0,199.85714285714286,11.036735197037386,1.96,0,597,3.0,1420.0
2024-03-12,HZ-Salsa-Roja-200g,CEDI_Norte,188,884,3,0,24.58,Despejado,15000,9.37,5.241747015059643,199.0,218.0,199.42857142857142,10.997835284835876,4.677248677248677,0,564,0.0,1403.0
2024-03-13,HZ-Salsa-Roja-200g,CEDI_Norte,207,1556,3,0,22.83,Despejado,15000,9.53,5.337538079701318,188.0,187.0,195.14285714285714,7.988086367179798,7.480769230769231,0,621,0.0,1430.0
2024-03-14,HZ-Salsa-Roja-200g,CEDI_Norte,201,789,3,0,23.06,Despejado,15000,11.28,5.308267697401205,207.0,193.0,198.0,8.164965809277255,3.905940594059406,0,603,0.0,1414.0
2024-03-15,HZ-Salsa-Roja-200g,CEDI_Norte,198,317,3,0,23.96,Despejado,15000,9.83,5.293304824724492,201.0,210.0,199.14285714285714,7.904188160474824,1.592964824120603,0,594,0.0,1429.0
2024-03-16,HZ-Salsa-Roja-200g,CEDI_Norte,201,481,3,0,23.54,Despejado,15000,11.66,5.308267697401205,198.0,198.0,197.42857142857142,6.294366339755535,2.381188118811881,0,603,0.0,1433.0
2024-03-17,HZ-Salsa-Roja-200g,CEDI_Norte,209,728,3,0,23.72,Despejado,15000,9.47,5.3471075307174685,201.0,191.0,197.85714285714286,6.440201120787329,3.466666666666667,0,627,0.0,1444.0
2024-03-18,HZ-Salsa-Roja-200g,CEDI_Norte,216,1622,3,0,23.59,Lluvia,15000,10.65,5.37989735354046,209.0,199.0,200.42857142857142,6.8278142636606365,7.474654377880184,0,648,0.0,1429.0
2024-03-19,HZ-Salsa-Roja-200g,CEDI_Norte,171,1723,3,0,23.65,Despejado,15000,9.87,5.147494476813453,216.0,188.0,202.85714285714286,8.933617621631443,10.017441860465116,0,513,0.0,1444.0
2024-03-20,HZ-Salsa-Roja-200g,CEDI_Norte,234,650,3,0,22.83,Lluvia,15000,8.9,5.459585514144159,171.0,207.0,200.42857142857142,14.327795164843558,2.765957446808511,0,702,0.0,1388.0
2024-03-21,HZ-Salsa-Roja-200g,CEDI_Norte,185,1556,3,1,23.71,Lluvia,15000,10.2,5.225746673713202,234.0,201.0,204.28571428571428,19.198214202665532,8.365591397849462,185,555,0.0,1387.0
2024-03-22,HZ-Salsa-Roja-200g,CEDI_Norte,213,919,3,0,23.58,Despejado,15000,12.21,5.365976015021851,185.0,198.0,202.0,20.558858593479037,4.294392523364486,0,639,0.0,1382.0
2024-03-23,HZ-Salsa-Roja-200g,CEDI_Norte,205,1453,3,1,23.96,Lluvia,15000,11.57,5.327876168789581,213.0,201.0,204.14285714285714,20.852086797477224,7.053398058252427,205,615,0.0,1358.0
2024-03-24,HZ-Salsa-Roja-200g,CEDI_Norte,220,999,3,0,24.04,Despejado,15000,9.19,5.3981627015177525,205.0,209.0,204.71428571428572,20.806363495449222,4.520361990950226,0,660,0.0,1324.0
2024-03-25,HZ-Salsa-Roja-200g,CEDI_Norte,201,898,3,0,22.23,Despejado,15000,12.49,5.308267697401205,220.0,216.0,206.28571428571428,21.58482712242009,4.445544554455446,0,603,0.0,1353.0
2024-03-26,HZ-Salsa-Roja-200g,CEDI_Norte,186,679,3,0,23.91,Despejado,15000,11.32,5.231108616854587,201.0,171.0,204.14285714285714,21.200853531784766,3.6310160427807485,0,558,0.0,1384.0
2024-03-27,HZ-Salsa-Roja-200g,CEDI_Norte,178,1856,3,0,23.61,Despejado,15000,11.19,5.187385805840755,186.0,234.0,206.28571428571428,17.77370985204727,10.368715083798882,0,534,0.0,1392.0
2024-03-28,HZ-Salsa-Roja-200g,CEDI_Norte,184,1750,3,0,23.47,Despejado,15000,10.03,5.220355825078324,178.0,185.0,198.28571428571428,15.70259305246839,9.45945945945946,0,552,0.0,1398.0
2024-03-29,HZ-Salsa-Roja-200g,CEDI_Norte,208,1845,3,0,23.84,Lluvia,15000,11.6,5.342334251964811,184.0,213.0,198.14285714285714,15.847487407878171,8.82775119617225,0,624,0.0,1385.0
2024-03-30,HZ-Salsa-Roja-200g,CEDI_Norte,181,1795,3,0,23.35,Despejado,15000,9.05,5.204006687076795,208.0,205.0,197.42857142857142,15.164180853326073,9.862637362637363,0,543,0.0,1392.0
2024-03-31,HZ-Salsa-Roja-200g,CEDI_Norte,186,989,3,0,24.1,Despejado,15000,9.88,5.231108616854587,181.0,220.0,194.0,15.864005379054394,5.288770053475936,0,558,0.0,1388.0
2024-04-01,HZ-Salsa-Roja-200g,CEDI_Norte,230,1994,3,0,22.93,Despejado,15000,11.22,5.442417710521793,186.0,201.0,189.14285714285714,11.051825964195109,8.632034632034632,0,690,0.0,1365.0
2024-04-02,HZ-Salsa-Roja-200g,CEDI_Norte,217,966,3,0,23.29,Tormenta,15000,11.36,5.384495062789089,230.0,186.0,193.28571428571428,18.89192319232645,4.431192660550459,0,651,3.0,1338.0
2024-04-03,HZ-Salsa-Roja-200g,CEDI_Norte,186,150,3,0,23.6,Despejado,15000,10.34,5.231108616854587,217.0,178.0,197.71428571428572,20.467163015541793,0.8021390374331551,0,558,0.0,1357.0
2024-04-04,HZ-Salsa-Roja-200g,CEDI_Norte,190,1379,3,0,23.38,Despejado,15000,11.36,5.25227342804663,186.0,184.0,198.85714285714286,19.37720801550601,7.219895287958115,0,570,0.0,1352.0
2024-04-05,HZ-Salsa-Roja-200g,CEDI_Norte,195,1012,3,0,23.73,Despejado,15000,11.16,5.278114659230517,190.0,208.0,199.71428571428572,18.732452106031445,5.163265306122449,0,585,0.0,1373.0
2024-04-06,HZ-Salsa-Roja-200g,CEDI_Norte,188,473,3,0,24.76,Despejado,15000,10.46,5.241747015059643,195.0,181.0,197.85714285714286,18.415831698374557,2.502645502645503,0,564,0.0,1393.0
2024-04-07,HZ-Salsa-Roja-200g,CEDI_Norte,182,444,3,0,23.96,Despejado,15000,9.0,5.209486152841421,188.0,186.0,198.85714285714286,17.515979099368774,2.4262295081967213,0,546,0.0,1420.0
2024-04-08,HZ-Salsa-Roja-200g,CEDI_Norte,207,1202,3,0,22.43,Despejado,15000,10.68,5.337538079701318,182.0,230.0,198.28571428571428,18.06206231962716,5.778846153846154,0,621,0.0,1414.0
2024-04-09,HZ-Salsa-Roja-200g,CEDI_Norte,190,435,3,1,22.91,Despejado,15000,12.32,5.25227342804663,207.0,217.0,195.0,12.59629575179412,2.277486910994764,190,570,0.0,1408.0
2024-04-10,HZ-Salsa-Roja-200g,CEDI_Norte,205,1466,3,0,23.46,Despejado,15000,10.57,5.327876168789581,190.0,186.0,191.14285714285714,8.050436249640374,7.116504854368932,0,615,0.0,1410.0
2024-04-11,HZ-Salsa-Roja-200g,CEDI_Norte,185,1616,3,0,23.49,Despejado,15000,9.17,5.225746673713202,205.0,190.0,193.85714285714286,9.154754164341266,8.688172043010752,0,555,0.0,1449.0
2024-04-12,HZ-Salsa-Roja-200g,CEDI_Norte,216,1467,3,0,22.81,Despejado,15000,10.59,5.37989735354046,185.0,195.0,193.14285714285714,9.685531674075705,6.76036866359447,0,648,0.0,1452.0
2024-04-13,HZ-Salsa-Roja-200g,CEDI_Norte,208,1550,3,0,23.55,Despejado,15000,10.8,5.342334251964811,216.0,188.0,196.14285714285714,13.031098334734637,7.416267942583732,0,624,0.0,1451.0
2024-04-14,HZ-Salsa-Roja-200g,CEDI_Norte,209,1399,3,0,23.07,Despejado,15000,10.49,5.3471075307174685,208.0,182.0,199.0,13.140268896284683,6.661904761904762,0,627,0.0,1466.0
2024-04-15,HZ-Salsa-Roja-200g,CEDI_Norte,201,91,3,0,23.11,Lluvia,15000,10.58,5.308267697401205,209.0,207.0,202.85714285714286,11.126972805283733,0.4504950495049505,0,603,0.0,1467.0
2024-04-16,HZ-Salsa-Roja-200g,CEDI_Norte,184,1452,3,0,23.83,Despejado,15000,8.86,5.220355825078324,201.0,190.0,202.0,10.984838035522719,7.848648648648648,0,552,0.0,1480.0
2024-04-17,HZ-Salsa-Roja-200g,CEDI_Norte,207,82,3,1,23.65,Despejado,15000,10.79,5.337538079701318,184.0,205.0,201.14285714285714,12.23967008581211,0.3942307692307692,207,621,0.0,1489.0
2024-04-18,HZ-Salsa-Roja-200g,CEDI_Norte,224,1872,3,0,23.68,Despejado,15000,10.03,5.41610040220442,207.0,185.0,201.42857142857142,12.367391841143425,8.32,0,672,0.0,1446.0
2024-04-19,HZ-Salsa-Roja-200g,CEDI_Norte,219,1882,3,0,22.62,Tormenta,15000,10.87,5.393627546352362,224.0,216.0,207.0,12.516655570345714,8.554545454545455,0,657,3.0,1438.0
2024-04-20,HZ-Salsa-Roja-200g,CEDI_Norte,207,1859,3,0,23.36,Lluvia,15000,9.21,5.337538079701318,219.0,208.0,207.42857142857142,12.921005415693498,8.9375,0,621,0.0,1455.0
2024-04-21,HZ-Salsa-Roja-200g,CEDI_Norte,224,545,3,0,23.97,Lluvia,15000,11.68,5.41610040220442,207.0,209.0,207.28571428571428,12.919162585274698,2.422222222222222,0,672,0.0,1450.0
2024-04-22,HZ-Salsa-Roja-200g,CEDI_Norte,202,1369,3,0,23.87,Despejado,15000,10.62,5.313205979041787,224.0,201.0,209.42857142857142,14.408991901553948,6.74384236453202,0,606,0.0,1429.0
2024-03-08,HZ-Salsa-Roja-200g,CEDI_Occidente,213,759,5,1,23.62,Tormenta,15000,11.43,5.365976015021851,200.0,201.0,202.28571428571428,15.660079668957472,3.546728971962617,213,1065,3.0,1354.0
2024-03-09,HZ-Salsa-Roja-200g,CEDI_Occidente,197,1847,5,0,22.58,Despejado,15000,9.93,5.288267030694535,213.0,201.0,204.0,16.145174717749775,9.328282828282829,0,985,0.0,1376.0
2024-03-10,HZ-Salsa-Roja-200g,CEDI_Occidente,173,1575,5,1,23.89,Despejado,15000,7.65,5.159055299214529,197.0,220.0,203.42857142857142,16.33867745419992,9.051724137931034,173,865,0.0,1395.0
2024-03-11,HZ-Salsa-Roja-200g,CEDI_Occidente,201,155,5,0,23.01,Despejado,15000,11.44,5.308267697401205,173.0,171.0,196.71428571428572,17.969550965585142,0.7673267326732673,0,1005,0.0,1388.0
2024-03-12,HZ-Salsa-Roja-200g,CEDI_Occidente,202,1231,5,1,23.63,Lluvia,15000,10.82,5.313205979041787,201.0,211.0,201.0,13.940349110884323,6.064039408866995,202,1010,0.0,1387.0
2024-03-13,HZ-Salsa-Roja-200g,CEDI_Occidente,173,1696,5,0,23.8,Despejado,15000,11.81,5.159055299214529,202.0,212.0,199.71428571428572,13.26290925493958,9.74712643678161,0,865,0.0,1425.0
2024-03-14,HZ-Salsa-Roja-200g,CEDI_Occidente,206,448,5,0,23.31,Despejado,15000,11.59,5.332718793265369,173.0,200.0,194.14285714285714,15.279927698657174,2.1642512077294684,0,1030,0.0,1424.0
2024-03-15,HZ-Salsa-Roja-200g,CEDI_Occidente,202,897,5,1,23.37,Tormenta,15000,10.98,5.313205979041787,206.0,213.0,195.0,15.821925715074432,4.41871921182266,202,1010,3.0,1440.0
2024-03-16,HZ-Salsa-Roja-200g,CEDI_Occidente,219,1374,5,0,22.94,Despejado,15000,10.39,5.393627546352362,202.0,197.0,193.42857142857142,14.199262220941199,6.245454545454545,0,1095,0.0,1406.0
2024-03-17,HZ-Salsa-Roja-200g,CEDI_Occidente,192,374,5,0,23.64,Despejado,15000,11.66,5.262690188904886,219.0,173.0,196.57142857142858,17.23230631553366,1.9378238341968912,0,960,0.0,1432.0
2024-03-18,HZ-Salsa-Roja-200g,CEDI_Occidente,194,237,5,0,23.14,Lluvia,15000,10.84,5.272999558563747,192.0,201.0,199.28571428571428,14.115172518892408,1.2153846153846153,0,970,0.0,1436.0
2024-03-19,HZ-Salsa-Roja-200g,CEDI_Occidente,201,1609,5,0,24.21,Despejado,15000,9.95,5.308267697401205,194.0,202.0,198.28571428571428,14.22104409802935,7.965346534653466,0,1005,0.0,1458.0
2024-03-20,HZ-Salsa-Roja-200g,CEDI_Occidente,211,1266,5,0,23.3,Tormenta,15000,11.19,5.356586274672012,201.0,173.0,198.14285714285714,14.1824841668467,5.971698113207547,0,1055,3.0,1468.0
2024-03-21,HZ-Salsa-Roja-200g,CEDI_Occidente,205,1857,5,1,22.83,Despejado,15000,11.18,5.327876168789581,211.0,206.0,203.57142857142858,9.431456989902532,9.014563106796116,205,1025,0.0,1462.0
2024-03-22,HZ-Salsa-Roja-200g,CEDI_Occidente,218,1260,5,0,22.83,Lluvia,15000,11.19,5.389071729816501,205.0,202.0,203.42857142857142,9.396047801374504,5.7534246575342465,0,1090,0.0,1423.0
2024-03-23,HZ-Salsa-Roja-200g,CEDI_Occidente,185,478,5,0,23.48,Despejado,15000,10.3,5.225746673713202,218.0,219.0,205.71428571428572,10.827654189070488,2.5698924731182795,0,925,0.0,1465.0
2024-03-24,HZ-Salsa-Roja-200g,CEDI_Occidente,218,586,5,0,24.17,Despejado,15000,11.3,5.389071729816501,185.0,192.0,200.85714285714286,11.480832888319732,2.675799086757991,0,1090,0.0,1445.0
2024-03-25,HZ-Salsa-Roja-200g,CEDI_Occidente,198,879,5,1,24.36,Despejado,15000,10.57,5.293304824724492,218.0,194.0,204.57142857142858,12.31336865439543,4.417085427135678,198,990,0.0,1439.0
2024-03-26,HZ-Salsa-Roja-200g,CEDI_Occidente,223,232,5,0,24.34,Tormenta,15000,10.06,5.4116460518550396,198.0,201.0,205.14285714285714,11.824107738409872,1.0357142857142858,0,1115,3.0,1402.0
2024-03-27,HZ-Salsa-Roja-200g,CEDI_Occidente,221,399,5,0,23.38,Despejado,15000,11.66,5.402677381872279,223.0,211.0,208.28571428571428,13.363062095621236,1.7972972972972974,0,1105,0.0,1378.0
2024-03-28,HZ-Salsa-Roja-200g,CEDI_Occidente,199,1957,5,0,24.27,Despejado,15000,11.61,5.298317366548036,221.0,205.0,209.71428571428572,14.20931954404441,9.785,0,995,0.0,1381.0
2024-03-29,HZ-Salsa-Roja-200g,CEDI_Occidente,179,348,5,0,23.84,Lluvia,15000,11.7,5.19295685089021,199.0,218.0,208.85714285714286,14.713129866761557,1.9333333333333333,0,895,0.0,1427.0
2024-03-30,HZ-Salsa-Roja-200g,CEDI_Occidente,227,552,5,0,23.76,Despejado,15000,10.4,5.429345628954441,179.0,185.0,203.28571428571428,17.745556117089208,2.4210526315789473,0,1135,0.0,1415.0
2024-03-31,HZ-Salsa-Roja-200g,CEDI_Occidente,198,1831,5,0,23.67,Despejado,15000,13.01,5.293304824724492,227.0,218.0,209.28571428571428,17.63249165333029,9.201005025125628,0,990,0.0,1415.0
2024-04-01,HZ-Salsa-Roja-200g,CEDI_Occidente,192,954,5,1,23.12,Despejado,15000,10.68,5.262690188904886,198.0,198.0,206.42857142857142,17.60546451964223,4.94300518134715,192,960,0.0,1434.0
2024-04-02,HZ-Salsa-Roja-200g,CEDI_Occidente,186,1000,5,0,23.05,Tormenta,15000,8.5,5.231108616854587,192.0,223.0,205.57142857142858,18.219560394048514,5.347593582887701,0,930,3.0,1440.0
2024-04-03,HZ-Salsa-Roja-200g,CEDI_Occidente,197,141,5,0,23.28,Tormenta,15000,10.96,5.288267030694535,186.0,221.0,200.28571428571428,17.679689719319985,0.7121212121212122,0,985,3.0,1457.0
2024-04-04,HZ-Salsa-Roja-200g,CEDI_Occidente,202,969,5,0,22.91,Despejado,15000,11.76,5.313205979041787,197.0,199.0,196.85714285714286,15.13746534737098,4.773399014778325,0,1010,0.0,1465.0
2024-04-05,HZ-Salsa-Roja-200g,CEDI_Occidente,225,915,5,0,23.27,Despejado,15000,9.46,5.420534999272286,202.0,179.0,197.28571428571428,15.250292737237169,4.048672566371682,0,1125,0.0,1466.0
2024-04-06,HZ-Salsa-Roja-200g,CEDI_Occidente,215,690,5,0,24.22,Despejado,15000,10.15,5.375278407684165,225.0,227.0,203.85714285714286,15.952309879017248,3.1944444444444446,0,1075,0.0,1471.0
2024-04-07,HZ-Salsa-Roja-200g,CEDI_Occidente,198,1048,5,0,22.55,Despejado,15000,10.49,5.293304824724492,215.0,198.0,202.14285714285714,13.508374827350293,5.266331658291457,0,990,0.0,1462.0
2024-04-08,HZ-Salsa-Roja-200g,CEDI_Occidente,211,1441,5,0,23.48,Despejado,15000,10.16,5.356586274672012,198.0,192.0,202.14285714285714,13.508374827350293,6.797169811320755,0,1055,0.0,1455.0
2024-04-09,HZ-Salsa-Roja-200g,CEDI_Occidente,192,1179,5,0,23.12,Despejado,15000,11.05,5.262690188904886,211.0,186.0,204.85714285714286,13.031098334734674,6.108808290155441,0,960,0.0,1467.0
2024-04-10,HZ-Salsa-Roja-200g,CEDI_Occidente,214,442,5,1,23.64,Despejado,15000,9.21,5.3706380281276624,192.0,197.0,205.71428571428572,11.714866419985178,2.055813953488372,214,1070,0.0,1461.0
2024-04-11,HZ-Salsa-Roja-200g,CEDI_Occidente,210,975,5,0,23.79,Despejado,15000,11.12,5.351858133476067,214.0,202.0,208.14285714285714,11.364103886486543,4.62085308056872,0,1050,0.0,1457.0
2024-04-12,HZ-Salsa-Roja-200g,CEDI_Occidente,226,274,5,0,24.2,Lluvia,15000,12.1,5.424950017481403,210.0,225.0,209.28571428571428,11.041048949477737,1.2070484581497798,0,1130,0.0,1415.0
2024-04-13,HZ-Salsa-Roja-200g,CEDI_Occidente,220,1176,5,0,23.65,Despejado,15000,10.5,5.3981627015177525,226.0,215.0,209.42857142857142,11.282097069504227,5.321266968325792,0,1100,0.0,1370.0
2024-04-14,HZ-Salsa-Roja-200g,CEDI_Occidente,189,848,5,0,23.0,Despejado,15000,9.95,5.247024072160486,220.0,198.0,210.14285714285714,11.838194843085613,4.463157894736842,0,945,0.0,1397.0
2024-04-15,HZ-Salsa-Roja-200g,CEDI_Occidente,204,898,5,0,23.16,Despejado,15000,11.89,5.3230099791384085,189.0,211.0,208.85714285714286,13.716517675520222,4.380487804878049,0,1020,0.0,1407.0
2024-04-16,HZ-Salsa-Roja-200g,CEDI_Occidente,204,651,5,0,24.27,Despejado,15000,9.57,5.3230099791384085,204.0,192.0,207.85714285714286,13.789229751616244,3.175609756097561,0,1020,0.0,1406.0
2024-04-17,HZ-Salsa-Roja-200g,CEDI_Occidente,208,1365,5,0,23.82,Despejado,15000,10.76,5.342334251964811,204.0,214.0,209.57142857142858,12.136132591798587,6.5311004784688995,0,1040,0.0,1411.0
2024-04-18,HZ-Salsa-Roja-200g,CEDI_Occidente,206,1030,5,1,23.89,Despejado,15000,9.94,5.332718793265369,208.0,210.0,208.71428571428572,11.982129550769768,4.975845410628019,206,1030,0.0,1393.0
2024-04-19,HZ-Salsa-Roja-200g,CEDI_Occidente,184,462,5,1,23.76,Despejado,15000,11.69,5.220355825078324,206.0,226.0,208.14285714285714,12.005950905399315,2.497297297297297,184,920,0.0,1396.0
2024-04-20,HZ-Salsa-Roja-200g,CEDI_Occidente,175,1804,5,1,23.79,Lluvia,15000,10.96,5.170483995038151,184.0,220.0,202.14285714285714,12.088955998880044,10.25,175,875,0.0,1460.0
2024-04-21,HZ-Salsa-Roja-200g,CEDI_Occidente,216,1859,5,1,23.56,Despejado,15000,10.64,5.37989735354046,175.0,189.0,195.71428571428572,12.94493833787664,8.566820276497696,216,1080,0.0,1455.0
2024-04-22,HZ-Salsa-Roja-200g,CEDI_Occidente,214,887,5,0,24.38,Despejado,15000,10.63,5.3706380281276624,216.0,204.0,199.57142857142858,14.535670410604203,4.125581395348838,0,1070,0.0,1452.0
2024-03-08,HZ-Salsa-Roja-200g,CEDI_Sur,204,998,5,1,22.53,Despejado,15000,9.29,5.3230099791384085,182.0,189.0,201.85714285714286,12.79880946844369,4.868292682926829,204,1020,0.0,1432.0
2024-03-09,HZ-Salsa-Roja-200g,CEDI_Sur,216,1157,5,0,23.39,Tormenta,15000,9.35,5.37989735354046,204.0,216.0,204.0,11.474609652039003,5.331797235023042,0,1080,3.0,1431.0
2024-03-10,HZ-Salsa-Roja-200g,CEDI_Sur,209,1672,5,0,23.62,Despejado,15000,8.18,5.3471075307174685,216.0,200.0,204.0,11.474609652039003,7.961904761904762,0,1045,0.0,1415.0
2024-03-11,HZ-Salsa-Roja-200g,CEDI_Sur,194,1966,5,0,24.52,Tormenta,15000,10.78,5.272999558563747,209.0,205.0,205.28571428571428,11.455919659202191,10.082051282051282,0,970,3.0,1400.0
2024-03-12,HZ-Salsa-Roja-200g,CEDI_Sur,224,391,5,0,23.51,Despejado,15000,8.03,5.41610040220442,194.0,205.0,203.71428571428572,12.229939843328278,1.7377777777777779,0,1120,0.0,1399.0
2024-03-13,HZ-Salsa-Roja-200g,CEDI_Sur,212,589,5,0,24.12,Lluvia,15000,8.3,5.3612921657094255,224.0,216.0,206.42857142857142,14.466710555123248,2.7652582159624415,0,1060,0.0,1390.0
2024-03-14,HZ-Salsa-Roja-200g,CEDI_Sur,172,1376,5,1,23.59,Despejado,15000,11.08,5.153291594497779,212.0,182.0,205.85714285714286,14.099983113802793,7.953757225433526,172,860,0.0,1425.0
2024-03-15,HZ-Salsa-Roja-200g,CEDI_Sur,205,608,5,0,23.52,Despejado,15000,11.46,5.327876168789581,172.0,204.0,204.42857142857142,17.106111411394693,2.9514563106796117,0,1025,0.0,1415.0
2024-03-16,HZ-Salsa-Roja-200g,CEDI_Sur,215,1062,5,0,23.63,Lluvia,15000,11.14,5.375278407684165,205.0,216.0,204.57142857142858,17.106111411394693,4.916666666666667,0,1075,0.0,1399.0
2024-03-17,HZ-Salsa-Roja-200g,CEDI_Sur,193,963,5,0,23.22,Despejado,15000,10.29,5.267858159063328,215.0,209.0,204.42857142857142,16.998599382077956,4.963917525773196,0,965,0.0,1411.0
2024-03-18,HZ-Salsa-Roja-200g,CEDI_Sur,179,851,5,0,22.68,Despejado,15000,8.87,5.19295685089021,193.0,194.0,202.14285714285714,17.353468158925963,4.727777777777778,0,895,0.0,1434.0
2024-03-19,HZ-Salsa-Roja-200g,CEDI_Sur,223,1922,5,0,23.39,Despejado,15000,7.86,5.4116460518550396,179.0,224.0,200.0,19.339079605813723,8.580357142857142,0,1115,0.0,1433.0
2024-03-20,HZ-Salsa-Roja-200g,CEDI_Sur,203,323,5,1,24.12,Despejado,15000,8.58,5.318119993844216,223.0,212.0,199.85714285714286,19.134859736691496,1.5833333333333333,203,1015,0.0,1426.0
2024-03-21,HZ-Salsa-Roja-200g,CEDI_Sur,207,1587,5,1,24.03,Despejado,15000,11.12,5.337538079701318,203.0,172.0,198.57142857142858,18.47391984083818,7.6298076923076925,207,1035,0.0,1399.0
2024-03-22,HZ-Salsa-Roja-200g,CEDI_Sur,195,439,5,0,23.93,Tormenta,15000,10.11,5.278114659230517,207.0,205.0,203.57142857142858,14.362649974350628,2.239795918367347,0,975,3.0,1396.0
2024-03-23,HZ-Salsa-Roja-200g,CEDI_Sur,199,474,5,0,24.05,Despejado,15000,9.87,5.298317366548036,195.0,215.0,202.14285714285714,14.69045689587372,2.37,0,995,0.0,1412.0
2024-03-24,HZ-Salsa-Roja-200g,CEDI_Sur,205,1768,5,0,24.04,Despejado,15000,12.52,5.327876168789581,199.0,193.0,199.85714285714286,13.557637102737477,8.58252427184466,0,1025,0.0,1397.0
2024-03-25,HZ-Salsa-Roja-200g,CEDI_Sur,202,493,5,0,23.36,Despejado,15000,11.55,5.313205979041787,205.0,179.0,201.57142857142858,13.302344941865734,2.4285714285714284,0,1010,0.0,1387.0
2024-03-26,HZ-Salsa-Roja-200g,CEDI_Sur,222,1356,5,0,23.03,Despejado,15000,12.25,5.407171771460119,202.0,223.0,204.85714285714286,8.914941978285126,6.0807174887892375,0,1110,0.0,1346.0
2024-03-27,HZ-Salsa-Roja-200g,CEDI_Sur,196,707,5,0,23.26,Despejado,15000,11.85,5.2832037287379885,222.0,203.0,204.71428571428572,8.577378887016035,3.5888324873096447,0,980,0.0,1353.0
2024-03-28,HZ-Salsa-Roja-200g,CEDI_Sur,180,1232,5,0,24.03,Despejado,15000,10.72,5.198497031265826,196.0,207.0,203.71428571428572,9.196272536817753,6.806629834254144,0,900,0.0,1383.0
2024-03-29,HZ-Salsa-Roja-200g,CEDI_Sur,192,926,5,0,23.35,Tormenta,15000,10.26,5.262690188904886,180.0,195.0,199.85714285714286,12.615183595289333,4.7979274611398965,0,960,3.0,1397.0
2024-03-30,HZ-Salsa-Roja-200g,CEDI_Sur,215,771,5,0,23.12,Despejado,15000,10.51,5.375278407684165,192.0,199.0,199.42857142857142,12.856349181852298,3.5694444444444446,0,1075,0.0,1384.0
2024-03-31,HZ-Salsa-Roja-200g,CEDI_Sur,190,158,5,0,23.53,Despejado,15000,9.09,5.25227342804663,215.0,205.0,201.71428571428572,14.126975209556656,0.8272251308900523,0,950,0.0,1415.0
2024-04-01,HZ-Salsa-Roja-200g,CEDI_Sur,192,1148,5,1,24.1,Lluvia,15000,9.24,5.262690188904886,190.0,202.0,199.57142857142858,14.672617840239493,5.948186528497409,192,960,0.0,1427.0
2024-04-02,HZ-Salsa-Roja-200g,CEDI_Sur,181,581,5,0,23.11,Despejado,15000,9.74,5.204006687076795,192.0,222.0,198.14285714285714,14.882076148044352,3.1923076923076925,0,905,0.0,1437.0
2024-04-03,HZ-Salsa-Roja-200g,CEDI_Sur,203,1693,5,0,23.38,Despejado,15000,8.83,5.318119993844216,181.0,196.0,192.28571428571428,11.643514442445182,8.299019607843137,0,1015,0.0,1396.0
2024-04-04,HZ-Salsa-Roja-200g,CEDI_Sur,210,1774,5,0,23.8,Despejado,15000,10.27,5.351858133476067,203.0,180.0,193.28571428571428,12.297889869327017,8.407582938388625,0,1050,0.0,1411.0
2024-04-05,HZ-Salsa-Roja-200g,CEDI_Sur,206,821,5,0,23.31,Despejado,15000,9.96,5.332718793265369,210.0,192.0,197.57142857142858,12.122391717494574,3.966183574879227,0,1030,0.0,1427.0
2024-04-06,HZ-Salsa-Roja-200g,CEDI_Sur,202,1219,5,0,23.08,Lluvia,15000,10.89,5.313205979041787,206.0,215.0,199.57142857142858,12.204604907672378,6.004926108374384,0,1010,0.0,1416.0
2024-04-07,HZ-Salsa-Roja-200g,CEDI_Sur,221,1408,5,0,23.64,Despejado,15000,11.7,5.402677381872279,202.0,190.0,197.71428571428572,10.30718658209384,6.342342342342342,0,1105,0.0,1395.0
2024-04-08,HZ-Salsa-Roja-200g,CEDI_Sur,204,614,5,0,23.92,Despejado,15000,11.01,5.3230099791384085,221.0,192.0,202.14285714285714,12.79880946844366,2.995121951219512,0,1020,0.0,1378.0
2024-04-09,HZ-Salsa-Roja-200g,CEDI_Sur,191,858,5,0,23.94,Despejado,15000,11.2,5.2574953720277815,204.0,181.0,203.85714285714286,11.992060865819635,4.46875,0,955,0.0,1396.0
2024-04-10,HZ-Salsa-Roja-200g,CEDI_Sur,162,1090,5,1,23.75,Despejado,15000,11.05,5.093750200806762,191.0,203.0,205.28571428571428,9.050124966251047,6.6871165644171775,162,810,0.0,1431.0
2024-04-11,HZ-Salsa-Roja-200g,CEDI_Sur,225,1987,5,1,21.98,Despejado,15000,10.08,5.420534999272286,162.0,210.0,199.42857142857142,18.795896208633252,8.79203539823009,225,1125,0.0,1433.0
2024-04-12,HZ-Salsa-Roja-200g,CEDI_Sur,222,1847,5,0,23.99,Despejado,15000,9.1,5.407171771460119,225.0,206.0,201.57142857142858,20.935274401968403,8.282511210762332,0,1110,0.0,1427.0
2024-04-13,HZ-Salsa-Roja-200g,CEDI_Sur,191,1885,5,0,23.37,Despejado,15000,10.29,5.2574953720277815,222.0,202.0,203.85714285714286,22.32658035786469,9.817708333333334,0,955,0.0,1452.0
2024-04-14,HZ-Salsa-Roja-200g,CEDI_Sur,200,141,5,0,23.41,Despejado,15000,8.51,5.303304908059076,191.0,221.0,202.28571428571428,22.859821271642254,0.7014925373134329,0,1000,0.0,1451.0
2024-04-15,HZ-Salsa-Roja-200g,CEDI_Sur,187,1935,5,0,24.4,Despejado,15000,10.35,5.236441962829949,200.0,204.0,199.28571428571428,21.320680771763087,10.292553191489361,0,935,0.0,1461.0
2024-04-16,HZ-Salsa-Roja-200g,CEDI_Sur,209,1999,5,1,23.32,Despejado,15000,9.2,5.3471075307174685,187.0,191.0,196.85714285714286,21.659705841558818,9.519047619047619,209,1045,0.0,1447.0
2024-04-17,HZ-Salsa-Roja-200g,CEDI_Sur,197,321,5,0,23.67,Despejado,15000,10.9,5.288267030694535,209.0,162.0,199.42857142857142,21.915421836818794,1.621212121212121,0,985,0.0,1462.0
2024-04-18,HZ-Salsa-Roja-200g,CEDI_Sur,227,1961,5,1,23.09,Despejado,15000,10.51,5.429345628954441,197.0,225.0,204.42857142857142,14.785771796529488,8.600877192982455,227,1135,0.0,1440.0
2024-04-19,HZ-Salsa-Roja-200g,CEDI_Sur,216,951,5,0,22.88,Tormenta,15000,10.47,5.37989735354046,227.0,222.0,204.71428571428572,15.261217576090091,4.382488479262673,0,1080,3.0,1442.0
2024-04-20,HZ-Salsa-Roja-200g,CEDI_Sur,216,516,5,0,23.17,Despejado,15000,10.11,5.37989735354046,216.0,191.0,203.85714285714286,14.264508069898161,2.377880184331797,0,1080,0.0,1416.0
2024-04-21,HZ-Salsa-Roja-200g,CEDI_Sur,199,257,5,0,23.1,Despejado,15000,10.54,5.298317366548036,216.0,200.0,207.42857142857142,13.624208146495953,1.285,0,995,0.0,1414.0
2024-04-22,HZ-Salsa-Roja-200g,CEDI_Sur,197,1508,5,0,22.93,Despejado,15000,10.59,5.288267030694535,199.0,187.0,207.28571428571428,13.719988893512062,7.616161616161616,0,985,0.0,1418.0
2024-03-08,HZ-Salsa-Verde-200g,CEDI_Bajio,177,797,5,0,23.28,Despejado,15000,11.95,5.181783550292085,215.0,188.0,202.28571428571428,12.284329933079865,4.477528089887641,0,885,0.0,1419.0
2024-03-09,HZ-Salsa-Verde-200g,CEDI_Bajio,195,1106,5,0,24.28,Despejado,15000,10.43,5.278114659230517,177.0,183.0,200.71428571428572,14.8516473352766,5.642857142857143,0,975,0.0,1415.0
2024-03-10,HZ-Salsa-Verde-200g,CEDI_Bajio,203,1190,5,0,24.25,Lluvia,15000,12.14,5.318119993844216,195.0,209.0,202.42857142857142,13.04935685333627,5.833333333333333,0,1015,0.0,1415.0
2024-03-11,HZ-Salsa-Verde-200g,CEDI_Bajio,199,1227,5,0,23.54,Despejado,15000,9.32,5.298317366548036,203.0,203.0,201.57142857142858,12.739141034061687,6.135,0,995,0.0,1417.0
2024-03-12,HZ-Salsa-Verde-200g,CEDI_Bajio,209,530,5,0,22.92,Despejado,15000,8.96,5.3471075307174685,199.0,213.0,201.0,12.754084313139323,2.5238095238095237,0,1045,0.0,1377.0
2024-03-13,HZ-Salsa-Verde-200g,CEDI_Bajio,206,1005,5,0,23.48,Despejado,15000,10.76,5.332718793265369,209.0,205.0,200.42857142857142,12.204604907672381,4.855072463768116,0,1030,0.0,1388.0
2024-03-14,HZ-Salsa-Verde-200g,CEDI_Bajio,206,713,5,0,23.85,Lluvia,15000,11.46,5.332718793265369,206.0,215.0,200.57142857142858,12.27269520598664,3.4444444444444446,0,1030,0.0,1397.0
2024-03-15,HZ-Salsa-Verde-200g,CEDI_Bajio,201,823,5,0,22.4,Despejado,15000,9.46,5.308267697401205,206.0,177.0,199.28571428571428,10.904346009952256,4.074257425742574,0,1005,0.0,1372.0
2024-03-16,HZ-Salsa-Verde-200g,CEDI_Bajio,191,271,5,0,23.32,Despejado,15000,11.29,5.2574953720277815,201.0,195.0,202.71428571428572,4.785891965429405,1.4114583333333333,0,955,0.0,1413.0
2024-03-17,HZ-Salsa-Verde-200g,CEDI_Bajio,203,72,5,0,22.58,Despejado,15000,11.67,5.318119993844216,191.0,203.0,202.14285714285714,5.956189257922408,0.35294117647058826,0,1015,0.0,1421.0
2024-03-18,HZ-Salsa-Verde-200g,CEDI_Bajio,201,1236,5,1,23.98,Despejado,15000,11.01,5.308267697401205,203.0,199.0,202.14285714285714,5.956189257922408,6.118811881188119,201,1005,0.0,1406.0
2024-03-19,HZ-Salsa-Verde-200g,CEDI_Bajio,169,871,5,0,23.34,Despejado,15000,11.1,5.135798437050262,201.0,209.0,202.42857142857142,5.826867164470181,5.123529411764705,0,845,0.0,1414.0
2024-03-20,HZ-Salsa-Verde-200g,CEDI_Bajio,217,1676,5,0,23.22,Lluvia,15000,9.04,5.384495062789089,169.0,206.0,196.71428571428572,13.225156403792035,7.6880733944954125,0,1085,0.0,1393.0
2024-03-21,HZ-Salsa-Verde-200g,CEDI_Bajio,215,1241,5,0,24.41,Lluvia,15000,10.54,5.375278407684165,217.0,206.0,198.28571428571428,15.041213223609821,5.74537037037037,0,1075,0.0,1384.0
2024-03-22,HZ-Salsa-Verde-200g,CEDI_Bajio,176,1723,5,1,23.43,Despejado,15000,8.09,5.176149732573829,215.0,201.0,199.57142857142858,16.15402058165028,9.734463276836157,176,880,0.0,1412.0
2024-03-23,HZ-Salsa-Verde-200g,CEDI_Bajio,232,1647,5,0,23.48,Despejado,15000,9.74,5.4510384535657,176.0,191.0,196.0,18.393839548428513,7.068669527896995,0,1160,0.0,1412.0
2024-03-24,HZ-Salsa-Verde-200g,CEDI_Bajio,211,507,5,0,24.72,Despejado,15000,9.32,5.356586274672012,232.0,203.0,201.85714285714286,22.586342270116624,2.391509433962264,0,1055,0.0,1400.0
2024-03-25,HZ-Salsa-Verde-200g,CEDI_Bajio,186,579,5,0,23.74,Despejado,15000,10.87,5.231108616854587,211.0,201.0,203.0,22.854612955229264,3.0962566844919786,0,930,0.0,1416.0
2024-03-26,HZ-Salsa-Verde-200g,CEDI_Bajio,177,1661,5,0,23.18,Tormenta,15000,8.51,5.181783550292085,186.0,169.0,200.85714285714286,23.75870767689586,9.331460674157304,0,885,3.0,1440.0
2024-03-27,HZ-Salsa-Verde-200g,CEDI_Bajio,196,236,5,0,23.55,Lluvia,15000,8.98,5.2832037287379885,177.0,217.0,202.0,22.105806175452333,1.1979695431472082,0,980,0.0,1447.0
2024-03-28,HZ-Salsa-Verde-200g,CEDI_Bajio,206,1408,5,0,23.99,Despejado,15000,11.02,5.332718793265369,196.0,215.0,199.0,21.134489978863137,6.8019323671497585,0,1030,0.0,1455.0
2024-03-29,HZ-Salsa-Verde-200g,CEDI_Bajio,204,1746,5,0,23.61,Despejado,15000,9.47,5.3230099791384085,206.0,176.0,197.71428571428572,20.2543352208384,8.517073170731708,0,1020,0.0,1443.0
2024-03-30,HZ-Salsa-Verde-200g,CEDI_Bajio,232,954,5,1,22.53,Despejado,15000,11.37,5.4510384535657,204.0,232.0,201.71428571428572,17.87656087091218,4.094420600858369,232,1160,0.0,1400.0
2024-03-31,HZ-Salsa-Verde-200g,CEDI_Bajio,199,1231,5,1,22.88,Despejado,15000,9.77,5.298317366548036,232.0,211.0,201.71428571428572,17.87656087091218,6.155,199,995,0.0,1392.0
2024-04-01,HZ-Salsa-Verde-200g,CEDI_Bajio,202,1080,5,1,23.22,Despejado,15000,10.92,5.313205979041787,199.0,186.0,200.0,17.4068951855292,5.320197044334975,202,1010,0.0,1399.0
2024-04-02,HZ-Salsa-Verde-200g,CEDI_Bajio,201,120,5,0,23.62,Tormenta,15000,8.87,5.308267697401205,202.0,177.0,202.28571428571428,16.275895118387858,0.594059405940594,0,1005,3.0,1437.0
2024-04-03,HZ-Salsa-Verde-200g,CEDI_Bajio,203,1414,5,0,23.57,Despejado,15000,11.5,5.318119993844216,201.0,196.0,205.71428571428572,12.0376393825684,6.931372549019608,0,1015,0.0,1451.0
2024-04-04,HZ-Salsa-Verde-200g,CEDI_Bajio,214,853,5,0,24.46,Despejado,15000,9.73,5.3706380281276624,203.0,206.0,206.71428571428572,11.368293418015522,3.9674418604651165,0,1070,0.0,1440.0
2024-04-05,HZ-Salsa-Verde-200g,CEDI_Bajio,192,231,5,0,24.18,Tormenta,15000,11.39,5.262690188904886,214.0,204.0,207.85714285714286,11.682302447556744,1.1968911917098446,0,960,3.0,1439.0
2024-04-06,HZ-Salsa-Verde-200g,CEDI_Bajio,189,661,5,0,23.71,Tormenta,15000,10.17,5.247024072160486,192.0,232.0,206.14285714285714,13.133019092203828,3.4789473684210526,0,945,3.0,1432.0
2024-04-07,HZ-Salsa-Verde-200g,CEDI_Bajio,191,496,5,0,22.92,Despejado,15000,9.65,5.2574953720277815,189.0,199.0,200.0,8.124038404635934,2.5833333333333335,0,955,0.0,1466.0
2024-04-08,HZ-Salsa-Verde-200g,CEDI_Bajio,209,603,5,0,23.07,Despejado,15000,10.16,5.3471075307174685,191.0,202.0,198.85714285714286,8.82097068408706,2.8714285714285714,0,1045,0.0,1439.0
2024-04-09,HZ-Salsa-Verde-200g,CEDI_Bajio,239,1711,5,0,23.83,Despejado,15000,9.83,5.480638923341991,209.0,201.0,199.85714285714286,9.599107101332743,7.129166666666666,0,1195,0.0,1401.0
2024-04-10,HZ-Salsa-Verde-200g,CEDI_Bajio,217,1614,5,0,23.76,Despejado,15000,11.77,5.384495062789089,239.0,203.0,205.28571428571428,17.68911422046796,7.4036697247706424,0,1085,0.0,1380.0
2024-04-11,HZ-Salsa-Verde-200g,CEDI_Bajio,203,275,5,0,24.16,Despejado,15000,10.34,5.318119993844216,217.0,214.0,207.28571428571428,18.172454298693268,1.3480392156862746,0,1015,0.0,1407.0
2024-04-12,HZ-Salsa-Verde-200g,CEDI_Bajio,191,1147,5,0,24.57,Despejado,15000,11.39,5.2574953720277815,203.0,192.0,205.71428571428572,17.969550965585142,5.973958333333333,0,955,0.0,1413.0
2024-04-13,HZ-Salsa-Verde-200g,CEDI_Bajio,182,1311,5,0,23.17,Lluvia,15000,8.59,5.209486152841421,191.0,189.0,205.57142857142858,18.10024993250225,7.163934426229508,0,910,0.0,1439.0
2024-04-14,HZ-Salsa-Verde-200g,CEDI_Bajio,225,1656,5,1,23.5,Despejado,15000,11.61,5.420534999272286,182.0,191.0,204.57142857142858,19.32060336236201,7.327433628318584,225,1125,0.0,1392.0
2024-04-15,HZ-Salsa-Verde-200g,CEDI_Bajio,182,1865,5,0,23.79,Lluvia,15000,10.13,5.209486152841421,225.0,209.0,209.42857142857142,19.611706902231834,10.191256830601093,0,910,0.0,1413.0
2024-04-16,HZ-Salsa-Verde-200g,CEDI_Bajio,201,50,5,0,23.92,Tormenta,15000,10.52,5.308267697401205,182.0,239.0,205.57142857142858,22.19502303713713,0.24752475247524752,0,1005,3.0,1382.0
2024-04-17,HZ-Salsa-Verde-200g,CEDI_Bajio,196,1660,5,0,22.74,Despejado,15000,9.25,5.2832037287379885,201.0,217.0,200.14285714285714,16.597475424780445,8.426395939086294,0,980,0.0,1393.0
2024-04-18,HZ-Salsa-Verde-200g,CEDI_Bajio,230,1675,5,0,24.29,Despejado,15000,10.66,5.442417710521793,196.0,203.0,197.14285714285714,14.848440674905587,7.251082251082251,0,1150,0.0,1384.0
2024-04-19,HZ-Salsa-Verde-200g,CEDI_Bajio,197,975,5,0,23.29,Despejado,15000,10.65,5.288267030694535,230.0,191.0,201.0,19.42506971244463,4.924242424242424,0,985,0.0,1402.0
2024-04-20,HZ-Salsa-Verde-200g,CEDI_Bajio,208,1701,5,0,23.11,Despejado,15000,10.24,5.342334251964811,197.0,182.0,201.85714285714286,19.0388074856644,8.138755980861244,0,1040,0.0,1411.0
2024-04-21,HZ-Salsa-Verde-200g,CEDI_Bajio,178,1257,5,0,23.65,Lluvia,15000,9.3,5.187385805840755,208.0,225.0,205.57142857142858,16.939668856042648,7.022346368715084,0,890,0.0,1435.0
2024-04-22,HZ-Salsa-Verde-200g,CEDI_Bajio,203,1352,5,0,23.43,Tormenta,15000,11.27,5.318119993844216,178.0,182.0,198.85714285714286,17.26681375190158,6.627450980392157,0,1015,3.0,1442.0
2024-03-08,HZ-Salsa-Verde-200g,CEDI_Norte,181,854,3,0,22.46,Despejado,15000,9.22,5.204006687076795,204.0,195.0,199.71428571428572,11.45591965920219,4.6923076923076925,0,543,0.0,1353.0
2024-03-09,HZ-Salsa-Verde-200g,CEDI_Norte,179,635,3,0,23.32,Despejado,15000,11.61,5.19295685089021,181.0,191.0,197.71428571428572,13.462469878818496,3.5277777777777777,0,537,0.0,1355.0
2024-03-10,HZ-Salsa-Verde-200g,CEDI_Norte,211,358,3,0,24.98,Lluvia,15000,10.4,5.356586274672012,179.0,196.0,196.0,15.121728296285006,1.6886792452830188,0,633,0.0,1341.0
2024-03-11,HZ-Salsa-Verde-200g,CEDI_Norte,191,774,3,0,22.86,Despejado,15000,8.86,5.2574953720277815,211.0,219.0,198.14285714285714,16.14959825535991,4.03125,0,573,0.0,1329.0
2024-03-12,HZ-Salsa-Verde-200g,CEDI_Norte,196,104,3,0,24.16,Lluvia,15000,9.29,5.2832037287379885,191.0,185.0,194.14285714285714,13.34701678813873,0.5279187817258884,0,588,0.0,1328.0
2024-03-13,HZ-Salsa-Verde-200g,CEDI_Norte,210,1818,3,0,23.35,Tormenta,15000,11.53,5.351858133476067,196.0,208.0,195.71428571428572,12.724180205607032,8.616113744075829,0,630,3.0,1304.0
2024-03-14,HZ-Salsa-Verde-200g,CEDI_Norte,194,1093,3,0,23.27,Despejado,15000,10.14,5.272999558563747,210.0,204.0,196.0,13.063945294843617,5.605128205128205,0,582,0.0,1279.0
2024-03-15,HZ-Salsa-Verde-200g,CEDI_Norte,172,620,3,0,23.18,Despejado,15000,9.7,5.153291594497779,194.0,181.0,194.57142857142858,12.581165060745136,3.5838150289017343,0,516,0.0,1307.0
2024-03-16,HZ-Salsa-Verde-200g,CEDI_Norte,181,1695,3,1,23.87,Despejado,15000,11.12,5.204006687076795,172.0,179.0,193.28571428571428,14.511079510891957,9.313186813186814,181,543,0.0,1328.0
2024-03-17,HZ-Salsa-Verde-200g,CEDI_Norte,197,1906,3,0,23.9,Lluvia,15000,10.3,5.288267030694535,181.0,211.0,193.57142857142858,14.199262220941177,9.626262626262626,0,591,0.0,1329.0
2024-03-18,HZ-Salsa-Verde-200g,CEDI_Norte,179,1922,3,0,22.99,Despejado,15000,9.71,5.19295685089021,197.0,191.0,191.57142857142858,12.177262183500604,10.677777777777777,0,537,0.0,1331.0
2024-03-19,HZ-Salsa-Verde-200g,CEDI_Norte,195,941,3,1,23.61,Despejado,15000,9.17,5.278114659230517,179.0,196.0,189.85714285714286,13.082157969649222,4.801020408163265,195,585,0.0,1340.0
2024-03-20,HZ-Salsa-Verde-200g,CEDI_Norte,186,1644,3,0,23.08,Tormenta,15000,12.08,5.231108616854587,195.0,210.0,189.71428571428572,13.009154286043914,8.79144385026738,0,558,3.0,1370.0
2024-03-21,HZ-Salsa-Verde-200g,CEDI_Norte,169,631,3,0,24.03,Despejado,15000,11.44,5.135798437050262,186.0,194.0,186.28571428571428,9.446591726019209,3.711764705882353,0,507,0.0,1385.0
2024-03-22,HZ-Salsa-Verde-200g,CEDI_Norte,200,964,3,0,24.28,Despejado,15000,11.79,5.303304908059076,169.0,172.0,182.71428571428572,10.688222267435057,4.796019900497512,0,600,0.0,1388.0
2024-03-23,HZ-Salsa-Verde-200g,CEDI_Norte,202,224,3,0,23.19,Despejado,15000,9.44,5.313205979041787,200.0,181.0,186.71428571428572,11.235572759681393,1.103448275862069,0,606,0.0,1378.0
2024-03-24,HZ-Salsa-Verde-200g,CEDI_Norte,198,942,3,1,23.67,Despejado,15000,8.94,5.293304824724492,202.0,197.0,189.71428571428572,12.21630448368468,4.733668341708543,198,594,0.0,1353.0
2024-03-25,HZ-Salsa-Verde-200g,CEDI_Norte,181,1122,3,0,23.93,Despejado,15000,12.0,5.204006687076795,198.0,179.0,189.85714285714286,12.321100754783357,6.164835164835165,0,543,0.0,1368.0
2024-03-26,HZ-Salsa-Verde-200g,CEDI_Norte,204,233,3,0,23.67,Despejado,15000,11.03,5.3230099791384085,181.0,195.0,190.14285714285714,12.047524938461692,1.1365853658536584,0,612,0.0,1364.0
2024-03-27,HZ-Salsa-Verde-200g,CEDI_Norte,216,605,3,0,23.81,Despejado,15000,10.66,5.37989735354046,204.0,186.0,191.42857142857142,13.087616829878288,2.7880184331797233,0,648,0.0,1334.0
2024-03-28,HZ-Salsa-Verde-200g,CEDI_Norte,184,113,3,0,23.55,Lluvia,15000,11.37,5.220355825078324,216.0,169.0,195.71428571428572,15.670718827527578,0.6108108108108108,0,552,0.0,1331.0
2024-03-29,HZ-Salsa-Verde-200g,CEDI_Norte,203,375,3,0,24.28,Tormenta,15000,9.41,5.318119993844216,184.0,200.0,197.85714285714286,12.00595090539919,1.838235294117647,0,609,3.0,1340.0
2024-03-30,HZ-Salsa-Verde-200g,CEDI_Norte,192,317,3,0,23.15,Tormenta,15000,11.4,5.262690188904886,203.0,202.0,198.28571428571428,12.147898113312735,1.6424870466321244,0,576,3.0,1341.0
2024-03-31,HZ-Salsa-Verde-200g,CEDI_Norte,173,1110,3,0,23.37,Despejado,15000,9.43,5.159055299214529,192.0,198.0,196.85714285714286,12.226045578034993,6.379310344827586,0,519,0.0,1356.0
2024-04-01,HZ-Salsa-Verde-200g,CEDI_Norte,196,1440,3,1,23.73,Lluvia,15000,10.95,5.2832037287379885,173.0,181.0,193.28571428571428,15.140610794749794,7.309644670050761,196,588,0.0,1362.0
2024-04-02,HZ-Salsa-Verde-200g,CEDI_Norte,200,1756,3,0,23.01,Lluvia,15000,11.28,5.303304908059076,196.0,204.0,195.42857142857142,14.14045193593117,8.7363184079602,0,600,0.0,1370.0
2024-04-03,HZ-Salsa-Verde-200g,CEDI_Norte,186,1585,3,0,23.32,Despejado,15000,10.35,5.231108616854587,200.0,216.0,194.85714285714286,13.813382055438938,8.475935828877006,0,558,0.0,1393.0
2024-04-04,HZ-Salsa-Verde-200g,CEDI_Norte,181,932,3,0,24.02,Lluvia,15000,11.51,5.204006687076795,186.0,184.0,190.57142857142858,10.390013520317487,5.1208791208791204,0,543,0.0,1410.0
2024-04-05,HZ-Salsa-Verde-200g,CEDI_Norte,212,385,3,0,22.74,Despejado,15000,9.6,5.3612921657094255,181.0,203.0,190.14285714285714,10.761483346152755,1.807511737089202,0,636,0.0,1410.0
2024-04-06,HZ-Salsa-Verde-200g,CEDI_Norte,193,68,3,0,23.1,Despejado,15000,10.65,5.267858159063328,212.0,192.0,191.42857142857142,12.88225061673542,0.35051546391752575,0,579,0.0,1444.0
2024-04-07,HZ-Salsa-Verde-200g,CEDI_Norte,188,523,3,0,24.07,Despejado,15000,13.0,5.241747015059643,193.0,173.0,191.57142857142858,12.895181824453404,2.767195767195767,0,564,0.0,1443.0
2024-04-08,HZ-Salsa-Verde-200g,CEDI_Norte,202,1739,3,0,23.82,Despejado,15000,10.89,5.313205979041787,188.0,196.0,193.71428571428572,10.274795792200813,8.566502463054187,0,606,0.0,1444.0
2024-04-09,HZ-Salsa-Verde-200g,CEDI_Norte,208,803,3,0,23.23,Despejado,15000,11.16,5.342334251964811,202.0,200.0,194.57142857142858,10.737118528064833,3.8421052631578947,0,624,0.0,1449.0
2024-04-10,HZ-Salsa-Verde-200g,CEDI_Norte,209,1164,3,0,23.06,Despejado,15000,10.31,5.3471075307174685,208.0,186.0,195.71428571428572,11.78578643556554,5.542857142857143,0,627,0.0,1453.0
2024-04-11,HZ-Salsa-Verde-200g,CEDI_Norte,198,1080,3,0,24.57,Despejado,15000,12.33,5.293304824724492,209.0,181.0,199.0,11.83215956619917,5.42713567839196,0,594,0.0,1456.0
2024-04-12,HZ-Salsa-Verde-200g,CEDI_Norte,212,1080,3,0,23.5,Despejado,15000,10.32,5.3612921657094255,198.0,212.0,201.42857142857142,8.904252595569863,5.070422535211268,0,636,0.0,1470.0
2024-04-13,HZ-Salsa-Verde-200g,CEDI_Norte,227,908,3,0,23.81,Tormenta,15000,12.14,5.429345628954441,212.0,193.0,201.42857142857142,8.904252595569863,3.982456140350877,0,681,3.0,1426.0
2024-04-14,HZ-Salsa-Verde-200g,CEDI_Norte,187,1363,3,0,22.71,Lluvia,15000,10.55,5.236441962829949,227.0,188.0,206.28571428571428,12.202653887772122,7.25,0,561,0.0,1469.0
2024-04-15,HZ-Salsa-Verde-200g,CEDI_Norte,203,888,3,0,23.29,Despejado,15000,9.76,5.318119993844216,187.0,202.0,206.14285714285714,12.45563555756411,4.352941176470588,0,609,0.0,1440.0
2024-04-16,HZ-Salsa-Verde-200g,CEDI_Norte,213,571,3,0,22.86,Despejado,15000,10.76,5.365976015021851,203.0,208.0,206.28571428571428,12.40583580033043,2.6682242990654204,0,639,0.0,1422.0
2024-04-17,HZ-Salsa-Verde-200g,CEDI_Norte,213,92,3,0,23.81,Despejado,15000,8.37,5.365976015021851,213.0,209.0,207.0,12.662279942148315,0.42990654205607476,0,639,0.0,1413.0
2024-04-18,HZ-Salsa-Verde-200g,CEDI_Norte,201,717,3,0,23.42,Despejado,15000,11.27,5.308267697401205,213.0,198.0,207.57142857142858,12.856349181852229,3.5495049504950495,0,603,0.0,1407.0
2024-04-19,HZ-Salsa-Verde-200g,CEDI_Norte,226,236,3,0,23.28,Despejado,15000,12.22,5.424950017481403,201.0,212.0,208.0,12.529964086141597,1.039647577092511,0,678,0.0,1363.0
2024-04-20,HZ-Salsa-Verde-200g,CEDI_Norte,183,815,3,0,23.83,Tormenta,15000,9.39,5.214935757608986,226.0,227.0,210.0,14.271183085738363,4.429347826086956,0,549,3.0,1370.0
2024-04-21,HZ-Salsa-Verde-200g,CEDI_Norte,230,789,3,1,22.67,Despejado,15000,10.71,5.442417710521793,183.0,187.0,203.71428571428572,15.195550727260931,3.4155844155844157,230,690,0.0,1330.0
2024-04-22,HZ-Salsa-Verde-200g,CEDI_Norte,174,1220,3,1,22.99,Despejado,15000,10.72,5.1647859739235145,230.0,203.0,209.85714285714286,15.983622570499742,6.9714285714285715,174,522,0.0,1365.0
2024-03-08,HZ-Salsa-Verde-200g,CEDI_Occidente,188,1243,5,1,23.82,Despejado,15000,10.33,5.241747015059643,177.0,185.0,195.42857142857142,11.088389466120898,6.576719576719577,188,940,0.0,1393.0
2024-03-09,HZ-Salsa-Verde-200g,CEDI_Occidente,173,754,5,0,24.51,Despejado,15000,9.76,5.159055299214529,188.0,210.0,195.85714285714286,10.668154658117952,4.333333333333333,0,865,0.0,1393.0
2024-03-10,HZ-Salsa-Verde-200g,CEDI_Occidente,237,73,5,0,22.89,Tormenta,15000,9.04,5.472270673671475,173.0,197.0,190.57142857142858,11.616900660347447,0.3067226890756303,0,1185,3.0,1363.0
2024-03-11,HZ-Salsa-Verde-200g,CEDI_Occidente,184,1011,5,0,23.99,Despejado,15000,10.18,5.220355825078324,237.0,196.0,196.28571428571428,21.19523756031282,5.464864864864865,0,920,0.0,1387.0
2024-03-12,HZ-Salsa-Verde-200g,CEDI_Occidente,178,505,5,0,23.57,Lluvia,15000,10.35,5.187385805840755,184.0,201.0,194.57142857142858,21.7014373015333,2.82122905027933,0,890,0.0,1413.0
2024-03-13,HZ-Salsa-Verde-200g,CEDI_Occidente,216,281,5,0,24.21,Lluvia,15000,11.71,5.37989735354046,178.0,202.0,191.28571428571428,22.298836185731645,1.294930875576037,0,1080,0.0,1409.0
2024-03-14,HZ-Salsa-Verde-200g,CEDI_Occidente,203,949,5,0,24.76,Despejado,15000,10.16,5.318119993844216,216.0,177.0,193.28571428571428,23.98412173163936,4.651960784313726,0,1015,0.0,1387.0
2024-03-15,HZ-Salsa-Verde-200g,CEDI_Occidente,202,930,5,0,23.47,Tormenta,15000,9.76,5.313205979041787,203.0,188.0,197.0,23.03620339089467,4.58128078817734,0,1010,3.0,1360.0
2024-03-16,HZ-Salsa-Verde-200g,CEDI_Occidente,173,314,5,0,22.56,Despejado,15000,10.2,5.159055299214529,202.0,173.0,199.0,22.730302828309775,1.8045977011494252,0,865,0.0,1370.0
2024-03-17,HZ-Salsa-Verde-200g,CEDI_Occidente,207,1707,5,0,23.22,Despejado,15000,9.17,5.337538079701318,173.0,237.0,199.0,22.730302828309775,8.20673076923077,0,1035,0.0,1370.0
2024-03-18,HZ-Salsa-Verde-200g,CEDI_Occidente,208,175,5,0,23.24,Lluvia,15000,11.51,5.342334251964811,207.0,184.0,194.71428571428572,16.286131991301538,0.8373205741626795,0,1040,0.0,1338.0
2024-03-19,HZ-Salsa-Verde-200g,CEDI_Occidente,204,1801,5,1,23.69,Tormenta,15000,9.91,5.3230099791384085,208.0,178.0,198.14285714285714,16.180529157278023,8.785365853658536,204,1020,3.0,1351.0
2024-03-20,HZ-Salsa-Verde-200g,CEDI_Occidente,212,1117,5,0,22.87,Despejado,15000,11.1,5.3612921657094255,204.0,216.0,201.85714285714286,13.55763710273751,5.244131455399061,0,1060,0.0,1377.0
2024-03-21,HZ-Salsa-Verde-200g,CEDI_Occidente,181,1874,5,1,22.74,Lluvia,15000,10.14,5.204006687076795,212.0,203.0,201.28571428571428,12.932056883500632,10.296703296703297,181,905,0.0,1402.0
2024-03-22,HZ-Salsa-Verde-200g,CEDI_Occidente,175,252,5,0,23.84,Despejado,15000,11.99,5.170483995038151,181.0,202.0,198.14285714285714,14.960264830861929,1.4318181818181819,0,875,0.0,1430.0
2024-03-23,HZ-Salsa-Verde-200g,CEDI_Occidente,183,120,5,0,23.87,Lluvia,15000,11.61,5.214935757608986,175.0,173.0,194.28571428571428,17.124196192466826,0.6521739130434783,0,915,0.0,1446.0
2024-03-24,HZ-Salsa-Verde-200g,CEDI_Occidente,207,1337,5,0,23.15,Despejado,15000,10.63,5.337538079701318,183.0,207.0,195.71428571428572,15.380878667079743,6.427884615384615,0,1035,0.0,1442.0
2024-03-25,HZ-Salsa-Verde-200g,CEDI_Occidente,176,1040,5,0,23.0,Despejado,15000,11.48,5.176149732573829,207.0,208.0,195.71428571428572,15.380878667079743,5.875706214689266,0,880,0.0,1438.0
2024-03-26,HZ-Salsa-Verde-200g,CEDI_Occidente,217,865,5,0,23.82,Despejado,15000,10.31,5.384495062789089,176.0,204.0,191.14285714285714,15.868507296199079,3.967889908256881,0,1085,0.0,1419.0
2024-03-27,HZ-Salsa-Verde-200g,CEDI_Occidente,238,1237,5,0,24.08,Despejado,15000,11.79,5.476463551931511,217.0,212.0,193.0,18.21171783953031,5.175732217573222,0,1190,0.0,1398.0
2024-03-28,HZ-Salsa-Verde-200g,CEDI_Occidente,206,583,5,0,23.13,Despejado,15000,10.13,5.332718793265369,238.0,181.0,196.71428571428572,24.34963576534077,2.816425120772947,0,1030,0.0,1397.0
2024-03-29,HZ-Salsa-Verde-200g,CEDI_Occidente,203,107,5,0,23.44,Lluvia,15000,8.49,5.318119993844216,206.0,175.0,200.28571428571428,23.47846023993261,0.5245098039215687,0,1015,0.0,1401.0
2024-03-30,HZ-Salsa-Verde-200g,CEDI_Occidente,199,1839,5,1,23.39,Lluvia,15000,12.55,5.298317366548036,203.0,183.0,204.28571428571428,20.669738634973037,9.195,199,995,0.0,1391.0
2024-03-31,HZ-Salsa-Verde-200g,CEDI_Occidente,203,134,5,1,23.21,Despejado,15000,9.33,5.318119993844216,199.0,207.0,206.57142857142858,18.715921411614133,0.6568627450980392,203,1015,0.0,1408.0
2024-04-01,HZ-Salsa-Verde-200g,CEDI_Occidente,172,281,5,0,23.59,Despejado,15000,9.74,5.153291594497779,203.0,176.0,206.0,18.761663039293772,1.6242774566473988,0,860,0.0,1430.0
2024-04-02,HZ-Salsa-Verde-200g,CEDI_Occidente,198,475,5,1,23.85,Despejado,15000,11.62,5.293304824724492,172.0,217.0,205.42857142857142,19.856628975878962,2.386934673366834,198,990,0.0,1407.0
2024-04-03,HZ-Salsa-Verde-200g,CEDI_Occidente,217,1391,5,0,23.11,Despejado,15000,10.18,5.384495062789089,198.0,238.0,202.71428571428572,19.302109433205214,6.3807339449541285,0,1085,0.0,1386.0
2024-04-04,HZ-Salsa-Verde-200g,CEDI_Occidente,205,890,5,0,23.16,Lluvia,15000,10.08,5.327876168789581,217.0,206.0,199.71428571428572,13.732131246511916,4.320388349514563,0,1025,0.0,1391.0
2024-04-05,HZ-Salsa-Verde-200g,CEDI_Occidente,207,1115,5,0,22.88,Despejado,15000,11.06,5.337538079701318,205.0,203.0,199.57142857142858,13.66085823142338,5.360576923076923,0,1035,0.0,1388.0
2024-04-06,HZ-Salsa-Verde-200g,CEDI_Occidente,189,250,5,0,23.52,Despejado,15000,11.06,5.247024072160486,207.0,199.0,200.14285714285714,13.909571901255296,1.3157894736842106,0,945,0.0,1409.0
2024-04-07,HZ-Salsa-Verde-200g,CEDI_Occidente,220,1947,5,0,23.28,Despejado,15000,10.45,5.3981627015177525,189.0,203.0,198.71428571428572,14.545495129813515,8.809954751131222,0,1100,0.0,1399.0
2024-04-08,HZ-Salsa-Verde-200g,CEDI_Occidente,194,265,5,1,22.68,Lluvia,15000,10.1,5.272999558563747,220.0,172.0,201.14285714285714,16.64760815080826,1.358974358974359,194,970,0.0,1401.0
2024-04-09,HZ-Salsa-Verde-200g,CEDI_Occidente,175,1938,5,1,23.5,Lluvia,15000,11.36,5.170483995038151,194.0,198.0,204.28571428571428,11.513966674062832,11.011363636363637,175,875,0.0,1443.0
2024-04-10,HZ-Salsa-Verde-200g,CEDI_Occidente,196,348,5,0,23.66,Despejado,15000,9.89,5.2832037287379885,175.0,217.0,201.0,16.01041327803046,1.766497461928934,0,980,0.0,1469.0
2024-04-11,HZ-Salsa-Verde-200g,CEDI_Occidente,210,486,5,0,24.21,Despejado,15000,10.08,5.351858133476067,196.0,205.0,198.0,14.399074044303468,2.3033175355450237,0,1050,0.0,1472.0
2024-04-12,HZ-Salsa-Verde-200g,CEDI_Occidente,204,283,5,0,23.56,Lluvia,15000,9.63,5.3230099791384085,210.0,207.0,198.71428571428572,14.918827989203077,1.3804878048780487,0,1020,0.0,1466.0
2024-04-13,HZ-Salsa-Verde-200g,CEDI_Occidente,210,1059,5,0,24.15,Despejado,15000,11.36,5.351858133476067,204.0,189.0,198.28571428571428,14.682350921137564,5.018957345971564,0,1050,0.0,1464.0
2024-04-14,HZ-Salsa-Verde-200g,CEDI_Occidente,210,1016,5,0,23.6,Tormenta,15000,11.7,5.351858133476067,210.0,220.0,201.28571428571428,14.614083227196605,4.815165876777251,0,1050,3.0,1463.0
2024-04-15,HZ-Salsa-Verde-200g,CEDI_Occidente,196,1455,5,0,23.2,Despejado,15000,11.23,5.2832037287379885,210.0,194.0,199.85714285714286,12.86375491356202,7.385786802030457,0,980,0.0,1478.0
2024-04-16,HZ-Salsa-Verde-200g,CEDI_Occidente,217,1288,5,0,23.09,Despejado,15000,11.27,5.384495062789089,196.0,175.0,200.14285714285714,12.733532783279653,5.908256880733945,0,1085,0.0,1461.0
2024-04-17,HZ-Salsa-Verde-200g,CEDI_Occidente,222,1536,5,0,23.72,Despejado,15000,9.22,5.407171771460119,217.0,196.0,206.14285714285714,7.883074092183695,6.887892376681615,0,1110,0.0,1416.0
2024-04-18,HZ-Salsa-Verde-200g,CEDI_Occidente,213,267,5,0,23.42,Despejado,15000,10.17,5.365976015021851,222.0,210.0,209.85714285714286,8.414839499926579,1.2476635514018692,0,1065,0.0,1395.0
2024-04-19,HZ-Salsa-Verde-200g,CEDI_Occidente,198,1963,5,0,23.55,Despejado,15000,10.83,5.293304824724492,213.0,204.0,210.28571428571428,8.499299691039024,9.864321608040202,0,990,0.0,1375.0
2024-04-20,HZ-Salsa-Verde-200g,CEDI_Occidente,208,1140,5,0,23.62,Despejado,15000,10.03,5.342334251964811,198.0,210.0,209.42857142857142,9.484322904265845,5.454545454545454,0,1040,0.0,1378.0
2024-04-21,HZ-Salsa-Verde-200g,CEDI_Occidente,209,1341,5,0,23.24,Lluvia,15000,11.28,5.3471075307174685,208.0,210.0,209.14285714285714,9.494359227607617,6.385714285714286,0,1045,0.0,1370.0
2024-04-22,HZ-Salsa-Verde-200g,CEDI_Occidente,211,272,5,0,23.16,Despejado,15000,8.62,5.356586274672012,209.0,196.0,209.0,9.486832980505177,1.2830188679245282,0,1055,0.0,1375.0
2024-03-08,HZ-Salsa-Verde-200g,CEDI_Sur,214,1031,5,0,23.93,Despejado,15000,10.78,5.3706380281276624,189.0,198.0,200.42857142857142,10.46991153826276,4.7953488372093025,0,1070,0.0,1378.0
2024-03-09,HZ-Salsa-Verde-200g,CEDI_Sur,211,965,5,0,23.41,Lluvia,15000,10.1,5.356586274672012,214.0,205.0,202.71428571428572,11.542880716619022,4.55188679245283,0,1055,0.0,1359.0
2024-03-10,HZ-Salsa-Verde-200g,CEDI_Sur,186,142,5,0,23.74,Despejado,15000,10.08,5.231108616854587,211.0,213.0,203.57142857142858,11.956269524913736,0.7593582887700535,0,930,0.0,1360.0
2024-03-11,HZ-Salsa-Verde-200g,CEDI_Sur,195,354,5,0,23.35,Despejado,15000,10.47,5.278114659230517,186.0,212.0,199.71428571428572,12.737271891503898,1.8061224489795917,0,975,0.0,1354.0
2024-03-12,HZ-Salsa-Verde-200g,CEDI_Sur,226,397,5,1,23.12,Despejado,15000,11.29,5.424950017481403,195.0,186.0,197.28571428571428,11.571722512433576,1.748898678414097,226,1130,0.0,1337.0
2024-03-13,HZ-Salsa-Verde-200g,CEDI_Sur,182,1193,5,0,23.2,Despejado,15000,12.33,5.209486152841421,226.0,200.0,203.0,14.56021977856103,6.51912568306011,0,910,0.0,1372.0
2024-03-14,HZ-Salsa-Verde-200g,CEDI_Sur,185,322,5,0,24.61,Despejado,15000,10.2,5.225746673713202,182.0,189.0,200.42857142857142,16.621844491082037,1.7311827956989247,0,925,0.0,1418.0
2024-03-15,HZ-Salsa-Verde-200g,CEDI_Sur,193,263,5,0,23.68,Despejado,15000,9.66,5.267858159063328,185.0,214.0,199.85714285714286,17.140872901037557,1.3556701030927836,0,965,0.0,1434.0
2024-03-16,HZ-Salsa-Verde-200g,CEDI_Sur,192,1581,5,0,22.76,Despejado,15000,10.24,5.262690188904886,193.0,211.0,196.85714285714286,16.056448044618204,8.191709844559586,0,960,0.0,1445.0
2024-03-17,HZ-Salsa-Verde-200g,CEDI_Sur,187,1481,5,0,23.74,Despejado,15000,11.35,5.236441962829949,192.0,186.0,194.14285714285714,14.825974632702017,7.877659574468085,0,935,0.0,1465.0
2024-03-18,HZ-Salsa-Verde-200g,CEDI_Sur,189,992,5,0,24.48,Lluvia,15000,10.26,5.247024072160486,187.0,195.0,194.28571428571428,14.738999126063314,5.221052631578948,0,945,0.0,1475.0
2024-03-19,HZ-Salsa-Verde-200g,CEDI_Sur,209,1239,5,0,23.36,Despejado,15000,10.87,5.3471075307174685,189.0,226.0,193.42857142857142,14.864467059144127,5.9,0,1045,0.0,1475.0
2024-03-20,HZ-Salsa-Verde-200g,CEDI_Sur,217,544,5,0,24.24,Tormenta,15000,10.28,5.384495062789089,209.0,182.0,191.0,8.812869377601512,2.4954128440366974,0,1085,3.0,1433.0
2024-03-21,HZ-Salsa-Verde-200g,CEDI_Sur,231,1012,5,0,22.28,Tormenta,15000,10.64,5.44673737166631,217.0,185.0,196.0,12.151817422372115,4.362068965517241,0,1155,3.0,1396.0
2024-03-22,HZ-Salsa-Verde-200g,CEDI_Sur,209,418,5,0,23.46,Despejado,15000,10.26,5.3471075307174685,231.0,193.0,202.57142857142858,16.771574591722565,1.9904761904761905,0,1045,0.0,1375.0
2024-03-23,HZ-Salsa-Verde-200g,CEDI_Sur,203,288,5,0,23.04,Despejado,15000,10.76,5.318119993844216,209.0,192.0,204.85714285714286,16.334305121722302,1.411764705882353,0,1015,0.0,1353.0
2024-03-24,HZ-Salsa-Verde-200g,CEDI_Sur,207,105,5,0,24.36,Despejado,15000,10.6,5.337538079701318,203.0,187.0,206.42857142857142,15.39325764587797,0.5048076923076923,0,1035,0.0,1342.0
2024-03-25,HZ-Salsa-Verde-200g,CEDI_Sur,199,1201,5,0,22.79,Despejado,15000,11.28,5.298317366548036,207.0,189.0,209.28571428571428,12.82853961179636,6.005,0,995,0.0,1336.0
2024-03-26,HZ-Salsa-Verde-200g,CEDI_Sur,209,1567,5,0,23.15,Despejado,15000,10.06,5.3471075307174685,199.0,209.0,210.71428571428572,10.546947199929226,7.461904761904762,0,1045,0.0,1351.0
2024-03-27,HZ-Salsa-Verde-200g,CEDI_Sur,175,1685,5,0,23.18,Lluvia,15000,8.64,5.170483995038151,209.0,217.0,210.71428571428572,10.546947199929226,9.573863636363637,0,875,0.0,1365.0
2024-03-28,HZ-Salsa-Verde-200g,CEDI_Sur,194,273,5,0,24.28,Despejado,15000,9.64,5.272999558563747,175.0,231.0,204.71428571428572,16.590301240125044,1.4,0,970,0.0,1374.0
2024-03-29,HZ-Salsa-Verde-200g,CEDI_Sur,188,690,5,0,23.48,Despejado,15000,10.77,5.241747015059643,194.0,209.0,199.42857142857142,12.108635250062111,3.6507936507936507,0,940,0.0,1386.0
2024-03-30,HZ-Salsa-Verde-200g,CEDI_Sur,181,648,5,0,24.27,Lluvia,15000,8.92,5.204006687076795,188.0,203.0,196.42857142857142,11.942321701371416,3.5604395604395602,0,905,0.0,1402.0
2024-03-31,HZ-Salsa-Verde-200g,CEDI_Sur,196,359,5,0,24.14,Tormenta,15000,11.13,5.2832037287379885,181.0,207.0,193.28571428571428,12.789504625724465,1.8223350253807107,0,980,3.0,1402.0
2024-04-01,HZ-Salsa-Verde-200g,CEDI_Sur,193,319,5,0,23.44,Despejado,15000,10.96,5.267858159063328,196.0,199.0,191.71428571428572,11.426785574754934,1.6443298969072164,0,965,0.0,1405.0
2024-04-02,HZ-Salsa-Verde-200g,CEDI_Sur,224,851,5,0,24.13,Despejado,15000,10.05,5.41610040220442,193.0,209.0,190.85714285714286,11.006491591004648,3.7822222222222224,0,1120,0.0,1377.0
2024-04-03,HZ-Salsa-Verde-200g,CEDI_Sur,189,478,5,0,23.61,Despejado,15000,9.07,5.247024072160486,224.0,175.0,193.0,15.620499351813272,2.5157894736842104,0,945,0.0,1376.0
2024-04-04,HZ-Salsa-Verde-200g,CEDI_Sur,203,1085,5,0,22.86,Despejado,15000,10.88,5.318119993844216,189.0,194.0,195.0,13.711309200802047,5.318627450980392,0,1015,0.0,1371.0
2024-04-05,HZ-Salsa-Verde-200g,CEDI_Sur,200,805,5,0,23.41,Tormenta,15000,10.66,5.303304908059076,203.0,188.0,196.28571428571428,14.020393310154585,4.0049751243781095,0,1000,3.0,1417.0
2024-04-06,HZ-Salsa-Verde-200g,CEDI_Sur,197,104,5,0,24.41,Despejado,15000,10.26,5.288267030694535,200.0,181.0,198.0,13.564659966250497,0.5252525252525253,0,985,0.0,1389.0
2024-04-07,HZ-Salsa-Verde-200g,CEDI_Sur,196,689,5,0,22.47,Despejado,15000,10.18,5.2832037287379885,197.0,196.0,200.28571428571428,11.397577019031756,3.49746192893401,0,980,0.0,1377.0
2024-04-08,HZ-Salsa-Verde-200g,CEDI_Sur,196,1498,5,0,24.13,Despejado,15000,10.79,5.2832037287379885,196.0,193.0,200.28571428571428,11.397577019031756,7.604060913705584,0,980,0.0,1379.0
2024-04-09,HZ-Salsa-Verde-200g,CEDI_Sur,196,369,5,0,23.91,Despejado,15000,10.66,5.2832037287379885,196.0,224.0,200.71428571428572,11.131251587524236,1.8730964467005076,0,980,0.0,1353.0
2024-04-10,HZ-Salsa-Verde-200g,CEDI_Sur,188,188,5,0,23.16,Despejado,15000,9.76,5.241747015059643,196.0,189.0,196.71428571428572,4.309458036856586,0.9947089947089947,0,940,0.0,1366.0
2024-04-11,HZ-Salsa-Verde-200g,CEDI_Sur,198,277,5,0,23.49,Despejado,15000,9.14,5.293304824724492,188.0,203.0,196.57142857142858,4.613644360558532,1.3919597989949748,0,990,0.0,1369.0
2024-04-12,HZ-Salsa-Verde-200g,CEDI_Sur,246,429,5,0,24.33,Lluvia,15000,10.81,5.5093883366279774,198.0,200.0,195.85714285714286,3.7606990231679625,1.736842105263158,0,1230,0.0,1309.0
2024-04-13,HZ-Salsa-Verde-200g,CEDI_Sur,169,1726,5,0,24.59,Despejado,15000,9.81,5.135798437050262,246.0,197.0,202.42857142857142,19.492367248550885,10.152941176470588,0,845,0.0,1325.0
2024-04-14,HZ-Salsa-Verde-200g,CEDI_Sur,184,1916,5,0,23.54,Tormenta,15000,10.73,5.220355825078324,169.0,196.0,198.42857142857142,23.294184845558487,10.356756756756758,0,920,3.0,1343.0
2024-04-15,HZ-Salsa-Verde-200g,CEDI_Sur,198,1221,5,0,23.27,Tormenta,15000,10.29,5.293304824724492,184.0,196.0,196.71428571428572,23.93542901025092,6.135678391959799,0,990,3.0,1361.0
2024-04-16,HZ-Salsa-Verde-200g,CEDI_Sur,170,609,5,0,23.32,Tormenta,15000,10.0,5.14166355650266,198.0,196.0,197.0,23.937418407171634,3.56140350877193,0,850,3.0,1407.0
2024-04-17,HZ-Salsa-Verde-200g,CEDI_Sur,201,1004,5,1,23.39,Despejado,15000,11.53,5.308267697401205,170.0,188.0,193.28571428571428,26.043004727528952,4.97029702970297,201,1005,0.0,1385.0
2024-04-18,HZ-Salsa-Verde-200g,CEDI_Sur,201,885,5,0,23.64,Despejado,15000,10.12,5.308267697401205,201.0,198.0,195.14285714285714,26.066764096761037,4.381188118811881,0,1005,0.0,1403.0
2024-04-19,HZ-Salsa-Verde-200g,CEDI_Sur,186,254,5,0,23.36,Despejado,15000,10.67,5.231108616854587,201.0,246.0,195.57142857142858,26.146109607722664,1.358288770053476,0,930,0.0,1415.0
2024-04-20,HZ-Salsa-Verde-200g,CEDI_Sur,185,1163,5,0,23.62,Despejado,15000,8.29,5.225746673713202,186.0,169.0,187.0,13.759844960366902,6.252688172043011,0,925,0.0,1467.0
2024-04-21,HZ-Salsa-Verde-200g,CEDI_Sur,202,1713,5,0,23.93,Despejado,15000,11.72,5.313205979041787,185.0,184.0,189.28571428571428,11.39757701903184,8.438423645320198,0,1010,0.0,1485.0
2024-04-22,HZ-Salsa-Verde-200g,CEDI_Sur,216,530,5,0,22.83,Despejado,15000,11.84,5.37989735354046,202.0,198.0,191.85714285714286,12.0198248937408,2.442396313364055,0,1080,0.0,1489.0
